event_id,employee_id,date,duration_days,reason
1,EMP0001,2025-10-25,1,Enfermedad general
2,EMP0001,2025-11-02,1,Enfermedad general
3,EMP0001,2025-10-02,2,Enfermedad general
4,EMP0003,2025-07-22,5,Enfermedad general
5,EMP0003,2025-06-28,5,Accidente menor
6,EMP0003,2026-03-22,2,Enfermedad general
7,EMP0003,2026-03-11,1,Trámite personal
8,EMP0003,2026-02-09,1,Enfermedad general
9,EMP0004,2025-08-20,1,Trámite personal
10,EMP0004,2025-06-30,2,Enfermedad general
11,EMP0005,2025-12-04,2,Enfermedad general
12,EMP0006,2025-06-04,1,Trámite personal
13,EMP0006,2026-01-07,1,Enfermedad general
14,EMP0007,2025-07-17,1,Enfermedad general
15,EMP0007,2025-10-31,1,Enfermedad general
16,EMP0008,2026-05-07,1,Enfermedad general
17,EMP0008,2026-04-19,3,Enfermedad general
18,EMP0008,2026-04-06,5,Accidente menor
19,EMP0009,2025-09-13,1,Trámite personal
20,EMP0009,2025-07-22,1,Falta injustificada
21,EMP0009,2025-06-16,2,Enfermedad general
22,EMP0010,2025-09-16,3,Enfermedad general
23,EMP0010,2025-08-29,1,Enfermedad general
24,EMP0010,2026-04-25,2,Enfermedad general
25,EMP0010,2025-10-30,1,Trámite personal
26,EMP0010,2025-07-14,3,Enfermedad general
27,EMP0011,2026-01-31,1,Trámite personal
28,EMP0012,2025-08-01,1,Trámite personal
29,EMP0012,2025-11-07,1,Permiso sindical
30,EMP0012,2025-12-23,1,Enfermedad general
31,EMP0012,2026-01-30,1,Trámite personal
32,EMP0012,2026-02-08,2,Enfermedad general
33,EMP0013,2026-05-07,1,Enfermedad general
34,EMP0013,2025-10-16,3,Permiso sindical
35,EMP0013,2025-07-19,3,Enfermedad general
36,EMP0013,2026-04-27,1,Enfermedad general
37,EMP0013,2026-03-08,3,Enfermedad general
38,EMP0013,2025-12-18,1,Enfermedad general
39,EMP0014,2025-09-05,4,Enfermedad general
40,EMP0014,2025-12-09,1,Enfermedad general
41,EMP0014,2025-12-15,2,Enfermedad general
42,EMP0015,2025-12-09,2,Enfermedad general
43,EMP0015,2025-09-06,5,Accidente menor
44,EMP0015,2025-06-25,1,Enfermedad general
45,EMP0015,2025-10-15,2,Enfermedad general
46,EMP0015,2026-01-14,1,Trámite personal
47,EMP0016,2026-01-27,2,Enfermedad general
48,EMP0017,2025-10-15,1,Trámite personal
49,EMP0017,2025-09-26,4,Permiso sindical
50,EMP0017,2025-10-18,2,Accidente menor
51,EMP0019,2025-08-19,1,Falta injustificada
52,EMP0019,2026-05-25,1,Enfermedad general
53,EMP0019,2026-05-10,2,Enfermedad general
54,EMP0020,2025-07-22,1,Trámite personal
55,EMP0020,2025-07-16,1,Trámite personal
56,EMP0021,2026-05-11,1,Enfermedad general
57,EMP0021,2025-11-26,5,Accidente menor
58,EMP0022,2026-03-31,2,Enfermedad general
59,EMP0023,2025-09-27,1,Trámite personal
60,EMP0023,2026-03-13,1,Enfermedad general
61,EMP0023,2025-07-04,1,Enfermedad general
62,EMP0023,2025-12-18,1,Enfermedad general
63,EMP0024,2026-02-25,4,Enfermedad general
64,EMP0024,2026-01-03,5,Accidente menor
65,EMP0024,2026-03-23,2,Enfermedad general
66,EMP0025,2025-10-01,1,Falta injustificada
67,EMP0026,2026-02-01,1,Trámite personal
68,EMP0026,2025-11-03,2,Enfermedad general
69,EMP0026,2025-07-13,1,Enfermedad general
70,EMP0026,2025-12-22,1,Enfermedad general
71,EMP0027,2025-06-20,5,Enfermedad general
72,EMP0027,2026-02-15,1,Enfermedad general
73,EMP0027,2026-03-22,3,Enfermedad general
74,EMP0027,2026-02-22,1,Enfermedad general
75,EMP0027,2026-03-22,2,Enfermedad general
76,EMP0027,2026-05-15,2,Enfermedad general
77,EMP0027,2026-04-16,3,Accidente menor
78,EMP0028,2025-08-03,4,Enfermedad general
79,EMP0028,2026-01-18,3,Accidente menor
80,EMP0028,2025-08-27,4,Enfermedad general
81,EMP0028,2025-09-19,2,Permiso sindical
82,EMP0029,2025-09-09,1,Trámite personal
83,EMP0029,2025-08-06,1,Enfermedad general
84,EMP0029,2025-06-24,1,Enfermedad general
85,EMP0030,2026-01-05,2,Enfermedad general
86,EMP0030,2025-07-13,2,Enfermedad general
87,EMP0030,2026-05-18,1,Trámite personal
88,EMP0030,2026-01-11,1,Enfermedad general
89,EMP0030,2025-09-14,1,Enfermedad general
90,EMP0030,2026-04-20,2,Enfermedad general
91,EMP0030,2025-08-17,1,Enfermedad general
92,EMP0030,2026-04-03,3,Enfermedad general
93,EMP0031,2025-10-13,1,Falta injustificada
94,EMP0031,2025-11-13,1,Enfermedad general
95,EMP0031,2025-07-07,3,Enfermedad general
96,EMP0031,2025-07-17,1,Enfermedad general
97,EMP0032,2025-12-18,1,Enfermedad general
98,EMP0032,2026-03-14,3,Enfermedad general
99,EMP0032,2025-12-23,1,Trámite personal
100,EMP0032,2026-03-12,2,Enfermedad general
101,EMP0033,2025-11-16,2,Enfermedad general
102,EMP0033,2025-10-22,3,Enfermedad general
103,EMP0034,2026-02-24,2,Enfermedad general
104,EMP0034,2026-01-23,3,Enfermedad general
105,EMP0034,2025-06-09,2,Enfermedad general
106,EMP0034,2026-05-27,3,Enfermedad general
107,EMP0035,2026-04-18,1,Enfermedad general
108,EMP0035,2026-03-30,5,Accidente menor
109,EMP0035,2025-07-30,1,Trámite personal
110,EMP0035,2026-01-01,3,Enfermedad general
111,EMP0036,2025-08-18,1,Falta injustificada
112,EMP0036,2025-08-17,2,Accidente menor
113,EMP0037,2025-07-27,1,Enfermedad general
114,EMP0037,2026-03-18,1,Permiso sindical
115,EMP0037,2025-07-24,3,Enfermedad general
116,EMP0037,2025-10-27,2,Enfermedad general
117,EMP0037,2026-03-04,1,Enfermedad general
118,EMP0037,2025-11-26,1,Trámite personal
119,EMP0037,2025-12-30,1,Enfermedad general
120,EMP0038,2025-10-16,2,Enfermedad general
121,EMP0038,2025-12-16,5,Accidente menor
122,EMP0038,2026-03-22,1,Enfermedad general
123,EMP0038,2026-04-10,1,Enfermedad general
124,EMP0038,2026-01-31,1,Trámite personal
125,EMP0038,2025-06-22,2,Enfermedad general
126,EMP0040,2025-08-30,4,Accidente menor
127,EMP0040,2025-12-26,1,Trámite personal
128,EMP0040,2025-08-15,1,Enfermedad general
129,EMP0040,2026-04-15,2,Enfermedad general
130,EMP0040,2026-04-10,1,Trámite personal
131,EMP0040,2026-05-17,1,Trámite personal
132,EMP0041,2026-05-24,4,Enfermedad general
133,EMP0041,2025-12-25,1,Enfermedad general
134,EMP0042,2025-06-22,1,Enfermedad general
135,EMP0043,2025-12-22,1,Enfermedad general
136,EMP0043,2025-11-19,1,Enfermedad general
137,EMP0043,2026-05-22,3,Enfermedad general
138,EMP0043,2025-10-02,1,Falta injustificada
139,EMP0043,2025-06-28,1,Falta injustificada
140,EMP0044,2026-02-01,1,Trámite personal
141,EMP0045,2025-10-18,1,Trámite personal
142,EMP0045,2025-12-10,1,Falta injustificada
143,EMP0046,2025-06-13,3,Enfermedad general
144,EMP0046,2025-11-22,3,Enfermedad general
145,EMP0046,2025-11-05,4,Enfermedad general
146,EMP0046,2025-11-09,1,Trámite personal
147,EMP0046,2025-10-24,1,Trámite personal
148,EMP0046,2026-02-09,1,Enfermedad general
149,EMP0047,2026-05-25,2,Enfermedad general
150,EMP0048,2026-05-19,1,Enfermedad general
151,EMP0049,2025-07-23,1,Falta injustificada
152,EMP0051,2025-09-27,4,Enfermedad general
153,EMP0051,2025-08-10,3,Enfermedad general
154,EMP0052,2025-11-03,4,Enfermedad general
155,EMP0054,2026-01-15,2,Enfermedad general
156,EMP0055,2025-11-14,1,Trámite personal
157,EMP0055,2025-10-18,5,Accidente menor
158,EMP0055,2026-04-08,2,Enfermedad general
159,EMP0055,2026-04-29,1,Enfermedad general
160,EMP0055,2025-07-18,1,Enfermedad general
161,EMP0055,2025-09-07,1,Enfermedad general
162,EMP0056,2026-01-15,1,Trámite personal
163,EMP0056,2025-09-19,2,Enfermedad general
164,EMP0056,2025-12-28,1,Enfermedad general
165,EMP0057,2026-02-06,4,Accidente menor
166,EMP0057,2025-07-01,1,Enfermedad general
167,EMP0057,2026-02-21,1,Trámite personal
168,EMP0058,2025-08-23,2,Enfermedad general
169,EMP0058,2025-07-06,4,Enfermedad general
170,EMP0058,2025-11-09,1,Enfermedad general
171,EMP0059,2026-02-17,2,Enfermedad general
172,EMP0060,2025-12-26,2,Enfermedad general
173,EMP0060,2025-08-11,1,Trámite personal
174,EMP0060,2026-02-26,1,Falta injustificada
175,EMP0060,2026-03-21,2,Accidente menor
176,EMP0061,2025-08-30,3,Enfermedad general
177,EMP0061,2025-09-09,3,Enfermedad general
178,EMP0061,2025-09-13,1,Enfermedad general
179,EMP0061,2025-07-02,1,Trámite personal
180,EMP0061,2025-10-08,1,Falta injustificada
181,EMP0061,2025-06-19,4,Enfermedad general
182,EMP0062,2026-01-22,1,Enfermedad general
183,EMP0064,2025-06-28,4,Accidente menor
184,EMP0064,2025-09-12,2,Enfermedad general
185,EMP0065,2025-10-21,1,Falta injustificada
186,EMP0065,2025-12-08,5,Accidente menor
187,EMP0065,2026-02-16,1,Trámite personal
188,EMP0066,2025-12-23,1,Enfermedad general
189,EMP0066,2026-04-24,4,Enfermedad general
190,EMP0067,2025-08-05,3,Permiso sindical
191,EMP0067,2026-05-17,4,Enfermedad general
192,EMP0067,2025-06-18,1,Trámite personal
193,EMP0067,2025-10-04,2,Enfermedad general
194,EMP0067,2025-12-10,1,Enfermedad general
195,EMP0068,2026-02-08,1,Enfermedad general
196,EMP0069,2026-04-03,1,Enfermedad general
197,EMP0069,2026-01-17,1,Trámite personal
198,EMP0071,2025-09-01,2,Enfermedad general
199,EMP0071,2026-01-31,2,Enfermedad general
200,EMP0071,2026-03-30,1,Enfermedad general
201,EMP0072,2026-03-12,3,Enfermedad general
202,EMP0073,2025-11-29,1,Trámite personal
203,EMP0073,2025-11-26,1,Enfermedad general
204,EMP0075,2025-08-25,1,Falta injustificada
205,EMP0075,2025-10-13,1,Trámite personal
206,EMP0075,2026-05-21,1,Enfermedad general
207,EMP0076,2025-07-19,4,Accidente menor
208,EMP0076,2025-06-17,5,Enfermedad general
209,EMP0076,2025-12-17,1,Falta injustificada
210,EMP0076,2025-06-28,3,Enfermedad general
211,EMP0077,2025-08-25,3,Accidente menor
212,EMP0077,2025-09-24,1,Trámite personal
213,EMP0077,2026-04-30,3,Enfermedad general
214,EMP0079,2025-09-26,2,Enfermedad general
215,EMP0080,2026-05-15,1,Trámite personal
216,EMP0080,2025-09-16,2,Enfermedad general
217,EMP0080,2025-10-18,4,Enfermedad general
218,EMP0080,2026-05-02,1,Trámite personal
219,EMP0081,2025-12-29,1,Enfermedad general
220,EMP0081,2026-02-20,1,Trámite personal
221,EMP0081,2025-06-13,1,Enfermedad general
222,EMP0081,2026-05-18,1,Enfermedad general
223,EMP0081,2025-06-07,2,Enfermedad general
224,EMP0082,2026-01-31,1,Enfermedad general
225,EMP0082,2025-08-09,1,Enfermedad general
226,EMP0083,2026-04-30,1,Enfermedad general
227,EMP0085,2025-08-30,5,Enfermedad general
228,EMP0085,2026-04-06,2,Enfermedad general
229,EMP0086,2025-06-07,3,Permiso sindical
230,EMP0086,2025-09-25,1,Enfermedad general
231,EMP0086,2025-10-10,5,Enfermedad general
232,EMP0086,2026-04-10,1,Enfermedad general
233,EMP0086,2025-11-06,1,Enfermedad general
234,EMP0086,2026-04-28,1,Falta injustificada
235,EMP0086,2025-10-21,4,Permiso sindical
236,EMP0087,2026-01-05,1,Trámite personal
237,EMP0087,2025-12-12,1,Enfermedad general
238,EMP0087,2025-11-28,5,Accidente menor
239,EMP0087,2025-10-10,1,Falta injustificada
240,EMP0087,2025-09-22,1,Enfermedad general
241,EMP0088,2026-01-27,2,Enfermedad general
242,EMP0088,2025-11-04,4,Enfermedad general
243,EMP0089,2026-05-15,1,Enfermedad general
244,EMP0091,2026-02-24,1,Enfermedad general
245,EMP0093,2026-04-18,1,Trámite personal
246,EMP0093,2025-12-23,1,Enfermedad general
247,EMP0093,2026-03-29,1,Enfermedad general
248,EMP0093,2025-07-25,2,Enfermedad general
249,EMP0093,2025-06-06,1,Trámite personal
250,EMP0093,2026-02-19,1,Enfermedad general
251,EMP0094,2026-05-08,2,Enfermedad general
252,EMP0094,2025-12-11,3,Enfermedad general
253,EMP0094,2026-03-17,1,Enfermedad general
254,EMP0094,2026-04-30,1,Trámite personal
255,EMP0094,2026-04-03,4,Accidente menor
256,EMP0094,2025-11-02,2,Enfermedad general
257,EMP0096,2026-05-19,1,Enfermedad general
258,EMP0096,2025-07-28,1,Trámite personal
259,EMP0097,2026-02-04,2,Enfermedad general
260,EMP0097,2025-07-05,2,Enfermedad general
261,EMP0097,2025-11-22,1,Falta injustificada
262,EMP0098,2025-10-22,1,Enfermedad general
263,EMP0098,2026-04-26,2,Enfermedad general
264,EMP0098,2025-11-16,1,Enfermedad general
265,EMP0100,2025-10-22,2,Enfermedad general
266,EMP0100,2025-10-14,1,Falta injustificada
267,EMP0100,2026-05-04,1,Enfermedad general
268,EMP0100,2026-05-02,2,Enfermedad general
269,EMP0101,2025-11-02,4,Permiso sindical
270,EMP0101,2025-09-07,1,Trámite personal
271,EMP0101,2025-08-18,1,Trámite personal
272,EMP0101,2026-02-22,1,Enfermedad general
273,EMP0103,2025-10-04,2,Accidente menor
274,EMP0103,2026-04-06,2,Enfermedad general
275,EMP0104,2025-12-26,3,Enfermedad general
276,EMP0104,2026-05-07,1,Enfermedad general
277,EMP0105,2025-11-13,1,Trámite personal
278,EMP0106,2026-05-17,3,Accidente menor
279,EMP0106,2025-06-16,1,Enfermedad general
280,EMP0106,2026-05-04,1,Trámite personal
281,EMP0106,2026-02-12,1,Enfermedad general
282,EMP0106,2025-11-01,1,Falta injustificada
283,EMP0107,2025-10-13,1,Trámite personal
284,EMP0107,2026-01-03,1,Trámite personal
285,EMP0107,2025-12-27,2,Enfermedad general
286,EMP0107,2025-12-18,3,Enfermedad general
287,EMP0108,2025-06-21,1,Trámite personal
288,EMP0108,2026-03-28,2,Enfermedad general
289,EMP0110,2026-03-22,1,Falta injustificada
290,EMP0110,2025-09-08,1,Trámite personal
291,EMP0110,2025-11-25,1,Trámite personal
292,EMP0110,2025-09-24,1,Permiso sindical
293,EMP0110,2026-05-20,1,Enfermedad general
294,EMP0110,2026-03-03,3,Enfermedad general
295,EMP0110,2026-04-25,1,Falta injustificada
296,EMP0110,2026-02-01,3,Enfermedad general
297,EMP0110,2026-05-12,1,Falta injustificada
298,EMP0111,2025-12-03,5,Enfermedad general
299,EMP0111,2026-02-17,1,Enfermedad general
300,EMP0111,2025-11-03,2,Enfermedad general
301,EMP0111,2025-08-29,1,Enfermedad general
302,EMP0111,2026-05-05,1,Falta injustificada
303,EMP0111,2026-03-15,1,Falta injustificada
304,EMP0111,2025-09-03,2,Enfermedad general
305,EMP0112,2025-10-31,1,Enfermedad general
306,EMP0112,2025-07-22,2,Enfermedad general
307,EMP0113,2026-01-30,3,Enfermedad general
308,EMP0113,2025-08-07,2,Enfermedad general
309,EMP0113,2025-10-13,4,Enfermedad general
310,EMP0113,2026-03-16,3,Enfermedad general
311,EMP0113,2025-09-04,3,Permiso sindical
312,EMP0114,2026-05-17,2,Enfermedad general
313,EMP0115,2025-11-21,2,Accidente menor
314,EMP0115,2025-09-24,1,Enfermedad general
315,EMP0115,2025-12-01,2,Enfermedad general
316,EMP0115,2025-09-25,1,Trámite personal
317,EMP0115,2025-11-07,1,Falta injustificada
318,EMP0115,2026-01-04,2,Enfermedad general
319,EMP0116,2025-11-19,3,Enfermedad general
320,EMP0116,2025-12-10,3,Enfermedad general
321,EMP0116,2025-10-14,3,Enfermedad general
322,EMP0116,2026-03-29,1,Enfermedad general
323,EMP0116,2025-10-31,4,Enfermedad general
324,EMP0116,2026-01-26,3,Enfermedad general
325,EMP0117,2025-08-02,1,Enfermedad general
326,EMP0117,2026-01-29,1,Falta injustificada
327,EMP0117,2025-06-30,2,Enfermedad general
328,EMP0118,2026-04-23,3,Enfermedad general
329,EMP0118,2026-03-28,2,Accidente menor
330,EMP0118,2026-01-30,1,Falta injustificada
331,EMP0118,2025-09-10,1,Enfermedad general
332,EMP0119,2026-02-14,4,Enfermedad general
333,EMP0120,2025-08-03,3,Enfermedad general
334,EMP0121,2026-05-17,2,Enfermedad general
335,EMP0121,2025-12-15,4,Enfermedad general
336,EMP0121,2026-03-01,2,Enfermedad general
337,EMP0121,2025-11-02,3,Enfermedad general
338,EMP0122,2025-12-31,3,Enfermedad general
339,EMP0122,2025-06-30,1,Enfermedad general
340,EMP0122,2025-08-19,3,Accidente menor
341,EMP0122,2025-09-13,3,Enfermedad general
342,EMP0123,2025-11-25,2,Enfermedad general
343,EMP0125,2025-12-29,1,Falta injustificada
344,EMP0125,2026-03-21,5,Accidente menor
345,EMP0125,2025-08-15,4,Accidente menor
346,EMP0125,2025-09-03,5,Enfermedad general
347,EMP0125,2025-07-14,1,Trámite personal
348,EMP0125,2026-02-07,1,Trámite personal
349,EMP0125,2025-11-20,1,Enfermedad general
350,EMP0125,2026-04-22,1,Falta injustificada
351,EMP0126,2025-09-01,1,Enfermedad general
352,EMP0126,2025-11-10,1,Enfermedad general
353,EMP0126,2026-04-23,1,Enfermedad general
354,EMP0127,2025-07-02,3,Enfermedad general
355,EMP0127,2025-06-05,1,Falta injustificada
356,EMP0127,2026-01-20,1,Enfermedad general
357,EMP0128,2025-10-21,1,Permiso sindical
358,EMP0128,2025-09-18,1,Trámite personal
359,EMP0128,2025-08-28,2,Enfermedad general
360,EMP0128,2026-03-25,1,Trámite personal
361,EMP0128,2025-08-23,1,Enfermedad general
362,EMP0128,2026-02-08,2,Enfermedad general
363,EMP0129,2025-07-18,1,Enfermedad general
364,EMP0129,2025-08-08,1,Enfermedad general
365,EMP0130,2026-04-13,1,Trámite personal
366,EMP0130,2026-01-11,1,Enfermedad general
367,EMP0132,2026-04-23,2,Enfermedad general
368,EMP0132,2026-01-08,4,Enfermedad general
369,EMP0132,2025-12-26,1,Trámite personal
370,EMP0132,2026-01-08,1,Enfermedad general
371,EMP0132,2026-02-02,1,Enfermedad general
372,EMP0132,2025-12-16,2,Enfermedad general
373,EMP0133,2025-06-05,1,Enfermedad general
374,EMP0133,2025-06-22,1,Enfermedad general
375,EMP0134,2026-03-03,2,Enfermedad general
376,EMP0134,2025-09-13,2,Enfermedad general
377,EMP0134,2025-12-11,1,Enfermedad general
378,EMP0135,2025-06-10,1,Trámite personal
379,EMP0135,2025-11-14,1,Trámite personal
380,EMP0135,2026-03-01,1,Falta injustificada
381,EMP0136,2025-09-08,1,Enfermedad general
382,EMP0136,2025-06-12,1,Trámite personal
383,EMP0137,2026-05-15,2,Enfermedad general
384,EMP0137,2025-06-05,1,Enfermedad general
385,EMP0138,2026-04-19,4,Enfermedad general
386,EMP0139,2025-10-08,1,Falta injustificada
387,EMP0139,2025-09-26,1,Trámite personal
388,EMP0139,2026-05-24,1,Trámite personal
389,EMP0139,2025-11-26,2,Enfermedad general
390,EMP0140,2025-11-09,1,Falta injustificada
391,EMP0140,2025-08-08,2,Enfermedad general
392,EMP0141,2025-07-25,1,Trámite personal
393,EMP0141,2025-12-16,1,Enfermedad general
394,EMP0142,2026-02-15,3,Enfermedad general
395,EMP0142,2026-03-31,2,Enfermedad general
396,EMP0142,2025-11-06,3,Accidente menor
397,EMP0143,2025-07-06,1,Enfermedad general
398,EMP0143,2025-06-26,2,Permiso sindical
399,EMP0143,2025-11-02,2,Enfermedad general
400,EMP0143,2025-10-29,4,Enfermedad general
401,EMP0143,2026-01-22,3,Enfermedad general
402,EMP0143,2026-02-24,4,Accidente menor
403,EMP0144,2026-01-11,1,Enfermedad general
404,EMP0144,2026-05-20,3,Enfermedad general
405,EMP0144,2025-08-10,1,Trámite personal
406,EMP0144,2025-11-25,3,Enfermedad general
407,EMP0144,2026-02-08,3,Enfermedad general
408,EMP0144,2025-12-03,3,Enfermedad general
409,EMP0145,2025-09-07,1,Falta injustificada
410,EMP0145,2025-08-26,2,Enfermedad general
411,EMP0145,2025-12-26,1,Enfermedad general
412,EMP0146,2025-06-12,5,Enfermedad general
413,EMP0146,2025-09-27,2,Enfermedad general
414,EMP0146,2025-09-25,2,Enfermedad general
415,EMP0146,2025-08-09,2,Enfermedad general
416,EMP0146,2025-09-19,4,Enfermedad general
417,EMP0146,2025-06-14,3,Accidente menor
418,EMP0147,2025-08-05,5,Permiso sindical
419,EMP0147,2025-12-07,1,Falta injustificada
420,EMP0148,2026-05-02,1,Trámite personal
421,EMP0148,2025-06-22,1,Enfermedad general
422,EMP0148,2025-12-12,2,Enfermedad general
423,EMP0148,2026-04-26,3,Enfermedad general
424,EMP0148,2025-10-11,4,Enfermedad general
425,EMP0149,2026-03-03,1,Enfermedad general
426,EMP0149,2026-04-18,1,Permiso sindical
427,EMP0149,2025-06-27,3,Enfermedad general
428,EMP0150,2026-04-03,1,Falta injustificada
429,EMP0150,2025-06-27,1,Enfermedad general
430,EMP0150,2026-05-07,1,Falta injustificada
431,EMP0150,2025-07-28,4,Enfermedad general
432,EMP0150,2026-05-03,2,Accidente menor
433,EMP0151,2025-06-27,4,Enfermedad general
434,EMP0152,2026-05-22,1,Falta injustificada
435,EMP0152,2025-08-01,1,Enfermedad general
436,EMP0152,2026-01-02,1,Trámite personal
437,EMP0153,2026-01-16,2,Enfermedad general
438,EMP0153,2025-12-14,1,Enfermedad general
439,EMP0154,2025-08-05,1,Falta injustificada
440,EMP0154,2026-03-10,1,Enfermedad general
441,EMP0154,2025-10-10,2,Enfermedad general
442,EMP0155,2026-01-31,1,Enfermedad general
443,EMP0155,2026-05-28,3,Enfermedad general
444,EMP0155,2025-08-20,4,Enfermedad general
445,EMP0156,2025-09-16,4,Enfermedad general
446,EMP0156,2026-05-24,1,Enfermedad general
447,EMP0156,2026-05-20,1,Enfermedad general
448,EMP0156,2026-04-21,2,Enfermedad general
449,EMP0156,2025-06-07,1,Enfermedad general
450,EMP0156,2025-11-04,2,Enfermedad general
451,EMP0158,2026-01-04,1,Falta injustificada
452,EMP0159,2026-05-07,1,Trámite personal
453,EMP0159,2025-07-24,1,Falta injustificada
454,EMP0159,2026-05-08,1,Enfermedad general
455,EMP0159,2026-02-24,1,Trámite personal
456,EMP0159,2025-10-19,1,Falta injustificada
457,EMP0159,2026-04-17,1,Trámite personal
458,EMP0160,2026-04-09,4,Enfermedad general
459,EMP0160,2026-05-27,1,Trámite personal
460,EMP0160,2025-08-12,1,Falta injustificada
461,EMP0160,2026-01-03,3,Enfermedad general
462,EMP0160,2025-07-26,2,Accidente menor
463,EMP0161,2025-10-25,1,Trámite personal
464,EMP0161,2025-07-31,1,Falta injustificada
465,EMP0163,2025-07-27,2,Enfermedad general
466,EMP0163,2026-02-12,2,Enfermedad general
467,EMP0163,2025-09-12,3,Enfermedad general
468,EMP0163,2026-04-10,2,Enfermedad general
469,EMP0163,2025-09-13,4,Enfermedad general
470,EMP0163,2025-10-15,1,Trámite personal
471,EMP0163,2026-02-25,1,Trámite personal
472,EMP0164,2025-09-14,4,Accidente menor
473,EMP0164,2025-12-29,1,Falta injustificada
474,EMP0164,2025-11-01,1,Falta injustificada
475,EMP0164,2025-08-24,2,Enfermedad general
476,EMP0164,2025-06-23,1,Enfermedad general
477,EMP0164,2026-03-10,1,Falta injustificada
478,EMP0165,2026-02-12,1,Enfermedad general
479,EMP0165,2025-09-17,3,Permiso sindical
480,EMP0165,2026-05-21,4,Enfermedad general
481,EMP0165,2026-02-04,3,Enfermedad general
482,EMP0165,2025-11-19,3,Enfermedad general
483,EMP0166,2025-10-01,2,Enfermedad general
484,EMP0167,2025-06-04,1,Trámite personal
485,EMP0168,2025-06-09,1,Falta injustificada
486,EMP0168,2026-05-12,2,Enfermedad general
487,EMP0168,2025-07-18,1,Trámite personal
488,EMP0168,2025-07-29,3,Enfermedad general
489,EMP0169,2026-03-23,5,Accidente menor
490,EMP0170,2025-08-18,2,Accidente menor
491,EMP0171,2026-02-19,3,Enfermedad general
492,EMP0171,2025-07-11,3,Enfermedad general
493,EMP0171,2025-07-24,1,Trámite personal
494,EMP0171,2025-10-12,2,Enfermedad general
495,EMP0171,2026-04-28,2,Enfermedad general
496,EMP0171,2025-09-29,5,Accidente menor
497,EMP0172,2025-11-01,1,Enfermedad general
498,EMP0172,2025-10-16,1,Enfermedad general
499,EMP0172,2026-01-26,2,Permiso sindical
500,EMP0172,2025-06-28,1,Trámite personal
501,EMP0172,2025-07-24,1,Enfermedad general
502,EMP0173,2025-08-31,1,Trámite personal
503,EMP0173,2025-06-23,2,Enfermedad general
504,EMP0173,2025-10-29,2,Enfermedad general
505,EMP0173,2025-12-04,5,Enfermedad general
506,EMP0173,2026-05-15,5,Enfermedad general
507,EMP0173,2025-11-10,1,Enfermedad general
508,EMP0176,2026-01-07,2,Enfermedad general
509,EMP0176,2025-08-01,1,Trámite personal
510,EMP0176,2025-07-21,1,Trámite personal
511,EMP0176,2025-06-26,2,Enfermedad general
512,EMP0176,2025-06-07,4,Enfermedad general
513,EMP0176,2025-08-12,2,Enfermedad general
514,EMP0176,2026-05-08,1,Enfermedad general
515,EMP0176,2026-04-30,1,Falta injustificada
516,EMP0176,2025-08-29,1,Enfermedad general
517,EMP0176,2025-11-18,2,Enfermedad general
518,EMP0176,2025-12-03,1,Enfermedad general
519,EMP0176,2026-01-13,1,Trámite personal
520,EMP0177,2026-04-17,3,Enfermedad general
521,EMP0177,2025-10-18,1,Enfermedad general
522,EMP0177,2025-07-20,2,Enfermedad general
523,EMP0177,2025-12-10,1,Enfermedad general
524,EMP0177,2025-11-25,3,Enfermedad general
525,EMP0179,2025-09-04,2,Enfermedad general
526,EMP0179,2025-07-31,5,Accidente menor
527,EMP0179,2025-12-24,1,Trámite personal
528,EMP0179,2026-01-22,1,Enfermedad general
529,EMP0180,2025-10-20,5,Enfermedad general
530,EMP0181,2025-12-17,5,Enfermedad general
531,EMP0181,2026-05-22,1,Trámite personal
532,EMP0181,2026-02-02,2,Enfermedad general
533,EMP0181,2026-01-04,2,Enfermedad general
534,EMP0181,2026-05-01,1,Enfermedad general
535,EMP0181,2025-08-27,1,Trámite personal
536,EMP0181,2025-07-30,1,Trámite personal
537,EMP0182,2025-08-09,1,Falta injustificada
538,EMP0182,2026-05-25,1,Enfermedad general
539,EMP0182,2025-07-03,2,Enfermedad general
540,EMP0182,2025-08-23,1,Trámite personal
541,EMP0183,2025-07-26,1,Falta injustificada
542,EMP0183,2026-01-02,4,Enfermedad general
543,EMP0183,2026-04-01,3,Enfermedad general
544,EMP0183,2026-02-05,1,Trámite personal
545,EMP0183,2026-03-21,3,Permiso sindical
546,EMP0184,2026-05-16,1,Enfermedad general
547,EMP0184,2026-01-13,2,Enfermedad general
548,EMP0185,2025-09-03,1,Enfermedad general
549,EMP0185,2026-04-11,1,Enfermedad general
550,EMP0186,2025-12-14,3,Enfermedad general
551,EMP0186,2025-12-03,2,Accidente menor
552,EMP0186,2026-05-19,1,Enfermedad general
553,EMP0187,2025-08-08,1,Enfermedad general
554,EMP0188,2026-02-05,1,Enfermedad general
555,EMP0188,2026-02-07,4,Enfermedad general
556,EMP0188,2025-07-30,1,Trámite personal
557,EMP0189,2025-12-30,2,Enfermedad general
558,EMP0189,2026-01-14,1,Falta injustificada
559,EMP0190,2025-06-26,1,Falta injustificada
560,EMP0190,2025-07-05,4,Accidente menor
561,EMP0190,2026-05-04,1,Trámite personal
562,EMP0191,2025-11-10,1,Permiso sindical
563,EMP0191,2025-06-09,3,Enfermedad general
564,EMP0192,2026-05-16,1,Enfermedad general
565,EMP0192,2026-02-26,2,Enfermedad general
566,EMP0192,2026-03-25,2,Enfermedad general
567,EMP0192,2026-03-19,1,Falta injustificada
568,EMP0193,2025-09-25,3,Enfermedad general
569,EMP0193,2026-05-11,1,Trámite personal
570,EMP0193,2025-11-23,1,Enfermedad general
571,EMP0194,2026-02-23,2,Enfermedad general
572,EMP0194,2026-02-25,1,Falta injustificada
573,EMP0195,2026-05-21,2,Accidente menor
574,EMP0195,2026-01-10,1,Falta injustificada
575,EMP0195,2026-05-07,1,Enfermedad general
576,EMP0195,2025-10-08,1,Trámite personal
577,EMP0195,2026-02-04,1,Enfermedad general
578,EMP0196,2025-11-27,1,Enfermedad general
579,EMP0196,2026-05-08,1,Trámite personal
580,EMP0196,2026-05-15,1,Enfermedad general
581,EMP0196,2026-04-27,2,Enfermedad general
582,EMP0196,2025-12-17,2,Enfermedad general
583,EMP0197,2025-08-18,4,Enfermedad general
584,EMP0199,2026-03-15,1,Falta injustificada
585,EMP0199,2026-04-12,3,Enfermedad general
586,EMP0199,2025-06-30,3,Enfermedad general
587,EMP0200,2025-06-08,1,Trámite personal
588,EMP0200,2026-04-28,1,Enfermedad general
589,EMP0200,2025-08-22,1,Trámite personal
590,EMP0200,2026-02-16,5,Enfermedad general
591,EMP0201,2026-01-29,2,Enfermedad general
592,EMP0201,2026-02-11,1,Trámite personal
593,EMP0201,2025-08-26,1,Enfermedad general
594,EMP0201,2025-07-11,1,Enfermedad general
595,EMP0201,2026-02-09,1,Trámite personal
596,EMP0201,2025-11-14,1,Trámite personal
597,EMP0204,2025-10-04,1,Enfermedad general
598,EMP0204,2025-11-19,3,Enfermedad general
599,EMP0204,2025-10-23,3,Enfermedad general
600,EMP0205,2025-06-28,1,Trámite personal
601,EMP0205,2026-02-17,1,Trámite personal
602,EMP0205,2025-09-25,1,Trámite personal
603,EMP0207,2026-03-11,3,Enfermedad general
604,EMP0207,2026-04-28,1,Trámite personal
605,EMP0207,2025-12-13,1,Trámite personal
606,EMP0207,2025-12-26,2,Enfermedad general
607,EMP0207,2025-10-01,3,Enfermedad general
608,EMP0207,2025-07-13,2,Enfermedad general
609,EMP0207,2026-01-24,1,Enfermedad general
610,EMP0207,2026-01-16,1,Enfermedad general
611,EMP0207,2026-03-23,1,Trámite personal
612,EMP0208,2026-01-18,2,Accidente menor
613,EMP0208,2026-02-13,4,Enfermedad general
614,EMP0209,2026-01-17,1,Enfermedad general
615,EMP0210,2025-11-11,1,Trámite personal
616,EMP0210,2025-08-02,5,Accidente menor
617,EMP0210,2026-05-03,1,Falta injustificada
618,EMP0210,2025-06-12,1,Enfermedad general
619,EMP0210,2025-07-25,2,Enfermedad general
620,EMP0210,2025-12-26,2,Enfermedad general
621,EMP0211,2025-12-31,2,Accidente menor
622,EMP0211,2026-03-15,1,Falta injustificada
623,EMP0211,2026-03-11,4,Enfermedad general
624,EMP0212,2025-06-03,1,Enfermedad general
625,EMP0212,2025-07-19,1,Enfermedad general
626,EMP0213,2026-04-08,3,Enfermedad general
627,EMP0213,2026-04-15,2,Enfermedad general
628,EMP0213,2026-04-25,1,Enfermedad general
629,EMP0213,2025-11-05,2,Enfermedad general
630,EMP0215,2026-02-18,1,Enfermedad general
631,EMP0216,2026-03-17,3,Enfermedad general
632,EMP0216,2025-09-16,1,Enfermedad general
633,EMP0216,2026-05-04,2,Enfermedad general
634,EMP0217,2026-05-12,3,Enfermedad general
635,EMP0217,2026-01-22,1,Trámite personal
636,EMP0217,2025-11-24,1,Trámite personal
637,EMP0217,2025-12-06,2,Accidente menor
638,EMP0217,2025-09-25,1,Falta injustificada
639,EMP0219,2026-01-21,2,Enfermedad general
640,EMP0219,2025-11-19,5,Accidente menor
641,EMP0220,2026-05-05,1,Enfermedad general
642,EMP0220,2025-12-06,3,Enfermedad general
643,EMP0221,2026-01-20,1,Enfermedad general
644,EMP0221,2025-07-31,2,Enfermedad general
645,EMP0222,2025-07-22,1,Falta injustificada
646,EMP0222,2026-05-06,2,Permiso sindical
647,EMP0222,2025-09-24,3,Enfermedad general
648,EMP0222,2025-06-04,1,Enfermedad general
649,EMP0223,2025-11-24,1,Trámite personal
650,EMP0223,2025-12-01,1,Trámite personal
651,EMP0225,2026-04-23,1,Enfermedad general
652,EMP0225,2025-10-30,1,Enfermedad general
653,EMP0225,2026-03-10,2,Enfermedad general
654,EMP0225,2026-02-25,3,Enfermedad general
655,EMP0225,2025-12-11,1,Trámite personal
656,EMP0226,2026-05-28,1,Falta injustificada
657,EMP0227,2025-07-27,2,Enfermedad general
658,EMP0227,2025-06-26,4,Enfermedad general
659,EMP0227,2025-08-26,1,Trámite personal
660,EMP0227,2026-02-10,2,Enfermedad general
661,EMP0227,2025-08-13,1,Trámite personal
662,EMP0229,2025-12-29,2,Enfermedad general
663,EMP0229,2025-07-27,2,Enfermedad general
664,EMP0229,2025-10-11,1,Enfermedad general
665,EMP0229,2026-04-11,1,Enfermedad general
666,EMP0230,2025-09-11,3,Enfermedad general
667,EMP0230,2025-09-07,3,Enfermedad general
668,EMP0230,2025-08-03,2,Enfermedad general
669,EMP0231,2025-12-21,1,Trámite personal
670,EMP0231,2025-09-21,1,Falta injustificada
671,EMP0232,2026-01-23,2,Enfermedad general
672,EMP0232,2025-09-08,4,Accidente menor
673,EMP0233,2025-07-28,4,Enfermedad general
674,EMP0233,2026-01-01,1,Enfermedad general
675,EMP0234,2025-06-26,3,Enfermedad general
676,EMP0234,2026-04-23,1,Enfermedad general
677,EMP0234,2026-05-13,1,Trámite personal
678,EMP0234,2026-03-31,2,Accidente menor
679,EMP0235,2026-01-19,4,Enfermedad general
680,EMP0235,2026-01-23,3,Accidente menor
681,EMP0235,2026-02-13,1,Falta injustificada
682,EMP0237,2025-06-05,1,Enfermedad general
683,EMP0237,2026-03-01,1,Enfermedad general
684,EMP0237,2025-06-27,2,Enfermedad general
685,EMP0237,2026-03-13,1,Falta injustificada
686,EMP0237,2026-01-10,5,Accidente menor
687,EMP0237,2026-02-18,1,Enfermedad general
688,EMP0238,2025-09-01,4,Enfermedad general
689,EMP0238,2026-05-23,1,Enfermedad general
690,EMP0238,2026-03-26,4,Enfermedad general
691,EMP0238,2025-08-30,3,Accidente menor
692,EMP0239,2025-07-26,2,Enfermedad general
693,EMP0239,2025-12-18,1,Trámite personal
694,EMP0239,2026-05-05,4,Accidente menor
695,EMP0239,2026-02-16,2,Enfermedad general
696,EMP0239,2025-12-16,1,Enfermedad general
697,EMP0239,2026-01-03,1,Falta injustificada
698,EMP0241,2026-04-10,3,Enfermedad general
699,EMP0241,2026-05-23,3,Enfermedad general
700,EMP0241,2025-10-08,1,Trámite personal
701,EMP0241,2025-10-21,5,Accidente menor
702,EMP0241,2025-11-25,2,Enfermedad general
703,EMP0241,2025-10-31,3,Enfermedad general
704,EMP0242,2026-01-20,1,Enfermedad general
705,EMP0242,2025-08-10,3,Enfermedad general
706,EMP0242,2025-08-12,1,Enfermedad general
707,EMP0243,2025-12-31,1,Enfermedad general
708,EMP0243,2026-04-07,1,Enfermedad general
709,EMP0243,2026-05-27,1,Trámite personal
710,EMP0244,2026-02-20,2,Enfermedad general
711,EMP0245,2025-11-03,1,Trámite personal
712,EMP0247,2026-05-28,1,Trámite personal
713,EMP0247,2026-03-10,1,Enfermedad general
714,EMP0248,2025-11-10,2,Enfermedad general
715,EMP0248,2026-03-13,2,Enfermedad general
716,EMP0248,2026-04-22,1,Enfermedad general
717,EMP0252,2025-09-22,2,Enfermedad general
718,EMP0252,2025-09-13,2,Enfermedad general
719,EMP0252,2025-09-18,3,Enfermedad general
720,EMP0253,2026-04-18,2,Enfermedad general
721,EMP0253,2025-10-29,1,Falta injustificada
722,EMP0253,2026-05-20,1,Trámite personal
723,EMP0253,2025-11-26,1,Falta injustificada
724,EMP0253,2026-05-13,2,Enfermedad general
725,EMP0254,2025-08-09,4,Enfermedad general
726,EMP0254,2026-05-01,1,Enfermedad general
727,EMP0254,2025-09-02,2,Enfermedad general
728,EMP0254,2026-02-15,1,Falta injustificada
729,EMP0254,2026-03-07,2,Enfermedad general
730,EMP0256,2026-05-24,2,Enfermedad general
731,EMP0256,2026-04-25,4,Accidente menor
732,EMP0259,2025-08-01,1,Enfermedad general
733,EMP0259,2025-11-30,1,Trámite personal
734,EMP0260,2026-03-17,1,Enfermedad general
735,EMP0261,2026-02-03,4,Enfermedad general
736,EMP0261,2026-03-28,4,Enfermedad general
737,EMP0261,2026-03-22,2,Enfermedad general
738,EMP0261,2026-05-10,5,Accidente menor
739,EMP0262,2026-05-14,1,Enfermedad general
740,EMP0262,2026-03-03,1,Enfermedad general
741,EMP0262,2025-10-27,5,Enfermedad general
742,EMP0263,2026-01-05,2,Enfermedad general
743,EMP0263,2025-06-09,3,Enfermedad general
744,EMP0263,2026-02-25,1,Enfermedad general
745,EMP0264,2025-07-27,2,Enfermedad general
746,EMP0264,2025-06-15,1,Enfermedad general
747,EMP0264,2025-12-15,1,Trámite personal
748,EMP0264,2025-08-16,1,Enfermedad general
749,EMP0265,2025-06-30,1,Trámite personal
750,EMP0265,2026-05-12,5,Enfermedad general
751,EMP0265,2025-07-01,1,Falta injustificada
752,EMP0265,2025-09-13,3,Enfermedad general
753,EMP0265,2025-10-17,2,Enfermedad general
754,EMP0266,2025-08-24,1,Falta injustificada
755,EMP0267,2025-10-27,1,Enfermedad general
756,EMP0267,2026-05-18,2,Enfermedad general
757,EMP0268,2025-10-09,4,Enfermedad general
758,EMP0268,2025-08-16,1,Enfermedad general
759,EMP0268,2025-07-04,4,Accidente menor
760,EMP0269,2025-09-15,5,Enfermedad general
761,EMP0269,2026-03-07,2,Accidente menor
762,EMP0270,2025-12-03,2,Enfermedad general
763,EMP0270,2026-01-20,5,Enfermedad general
764,EMP0272,2025-07-25,1,Enfermedad general
765,EMP0273,2026-04-14,3,Accidente menor
766,EMP0273,2026-04-30,4,Enfermedad general
767,EMP0274,2026-03-17,2,Permiso sindical
768,EMP0274,2025-12-19,3,Enfermedad general
769,EMP0274,2025-10-02,3,Enfermedad general
770,EMP0275,2026-02-19,2,Enfermedad general
771,EMP0275,2026-05-25,1,Enfermedad general
772,EMP0276,2025-10-28,3,Enfermedad general
773,EMP0277,2026-05-23,1,Enfermedad general
774,EMP0277,2026-05-09,1,Falta injustificada
775,EMP0277,2025-06-27,1,Falta injustificada
776,EMP0277,2025-12-15,3,Enfermedad general
777,EMP0277,2025-12-18,5,Accidente menor
778,EMP0278,2026-05-19,2,Enfermedad general
779,EMP0278,2025-11-10,1,Trámite personal
780,EMP0278,2026-03-12,2,Accidente menor
781,EMP0279,2025-06-09,1,Enfermedad general
782,EMP0280,2025-10-09,2,Enfermedad general
783,EMP0280,2025-09-14,1,Enfermedad general
784,EMP0280,2026-04-16,2,Enfermedad general
785,EMP0280,2026-01-15,1,Falta injustificada
786,EMP0281,2025-09-26,4,Enfermedad general
787,EMP0281,2026-04-23,5,Enfermedad general
788,EMP0281,2026-04-30,1,Trámite personal
789,EMP0281,2025-12-08,2,Enfermedad general
790,EMP0281,2026-03-31,3,Accidente menor
791,EMP0281,2025-09-10,3,Enfermedad general
792,EMP0281,2025-10-31,5,Accidente menor
793,EMP0281,2025-09-01,1,Enfermedad general
794,EMP0282,2026-05-18,1,Trámite personal
795,EMP0282,2025-07-11,4,Enfermedad general
796,EMP0283,2025-09-06,3,Accidente menor
797,EMP0283,2026-02-21,1,Enfermedad general
798,EMP0283,2025-08-03,3,Enfermedad general
799,EMP0283,2025-12-13,2,Enfermedad general
800,EMP0283,2025-06-23,4,Enfermedad general
801,EMP0284,2026-01-08,3,Enfermedad general
802,EMP0284,2025-10-23,4,Accidente menor
803,EMP0284,2025-08-08,1,Falta injustificada
804,EMP0284,2025-08-24,5,Enfermedad general
805,EMP0286,2026-03-29,5,Enfermedad general
806,EMP0286,2025-10-11,1,Trámite personal
807,EMP0286,2025-06-05,1,Enfermedad general
808,EMP0286,2025-11-19,1,Enfermedad general
809,EMP0286,2026-01-27,1,Enfermedad general
810,EMP0286,2025-08-21,2,Enfermedad general
811,EMP0286,2025-06-23,1,Enfermedad general
812,EMP0286,2025-08-20,4,Enfermedad general
813,EMP0287,2025-11-15,2,Enfermedad general
814,EMP0287,2026-04-04,2,Enfermedad general
815,EMP0287,2025-06-29,2,Enfermedad general
816,EMP0289,2026-04-19,1,Enfermedad general
817,EMP0289,2026-04-14,1,Permiso sindical
818,EMP0289,2026-05-07,4,Enfermedad general
819,EMP0290,2025-11-04,2,Permiso sindical
820,EMP0290,2026-02-09,4,Accidente menor
821,EMP0290,2025-07-10,1,Enfermedad general
822,EMP0290,2025-11-12,1,Enfermedad general
823,EMP0290,2026-02-27,1,Trámite personal
824,EMP0290,2025-09-23,1,Enfermedad general
825,EMP0291,2025-09-05,1,Trámite personal
826,EMP0291,2026-02-24,1,Falta injustificada
827,EMP0291,2025-07-07,2,Enfermedad general
828,EMP0291,2026-02-16,1,Enfermedad general
829,EMP0291,2025-08-23,5,Enfermedad general
830,EMP0291,2026-01-01,4,Enfermedad general
831,EMP0292,2026-03-08,2,Enfermedad general
832,EMP0293,2026-03-04,1,Enfermedad general
833,EMP0293,2025-12-26,4,Enfermedad general
834,EMP0293,2025-07-20,1,Falta injustificada
835,EMP0293,2025-11-28,2,Enfermedad general
836,EMP0294,2025-09-24,2,Enfermedad general
837,EMP0294,2025-09-20,1,Enfermedad general
838,EMP0295,2026-05-08,1,Enfermedad general
839,EMP0296,2025-11-19,1,Enfermedad general
840,EMP0296,2025-11-19,2,Enfermedad general
841,EMP0296,2025-12-04,2,Enfermedad general
842,EMP0296,2025-10-31,1,Falta injustificada
843,EMP0296,2025-09-22,2,Enfermedad general
844,EMP0296,2026-04-15,3,Enfermedad general
845,EMP0297,2026-03-01,1,Enfermedad general
846,EMP0297,2026-02-01,1,Trámite personal
847,EMP0298,2026-03-17,2,Enfermedad general
848,EMP0298,2026-05-01,2,Enfermedad general
849,EMP0299,2025-06-07,2,Enfermedad general
850,EMP0299,2025-07-31,2,Enfermedad general
851,EMP0299,2026-05-11,2,Permiso sindical
852,EMP0299,2025-11-27,1,Trámite personal
853,EMP0299,2026-01-17,2,Enfermedad general
854,EMP0299,2025-10-04,4,Enfermedad general
855,EMP0300,2026-04-27,3,Enfermedad general
856,EMP0300,2026-04-13,1,Enfermedad general
857,EMP0302,2026-04-17,1,Trámite personal
858,EMP0302,2025-10-05,1,Falta injustificada
859,EMP0303,2025-06-23,2,Enfermedad general
860,EMP0303,2026-05-18,3,Enfermedad general
861,EMP0303,2025-11-14,1,Trámite personal
862,EMP0304,2025-12-15,1,Enfermedad general
863,EMP0305,2025-07-31,1,Falta injustificada
864,EMP0305,2025-12-17,2,Permiso sindical
865,EMP0306,2025-10-12,2,Enfermedad general
866,EMP0306,2026-03-06,3,Enfermedad general
867,EMP0308,2025-10-25,4,Enfermedad general
868,EMP0308,2025-06-15,4,Enfermedad general
869,EMP0308,2026-02-22,4,Enfermedad general
870,EMP0308,2025-12-11,1,Falta injustificada
871,EMP0308,2026-02-21,5,Enfermedad general
872,EMP0308,2026-02-18,1,Enfermedad general
873,EMP0308,2026-01-17,5,Enfermedad general
874,EMP0309,2026-02-07,1,Enfermedad general
875,EMP0309,2025-06-25,1,Enfermedad general
876,EMP0309,2025-11-01,4,Enfermedad general
877,EMP0309,2026-05-02,2,Enfermedad general
878,EMP0309,2025-09-09,1,Enfermedad general
879,EMP0310,2025-11-14,3,Enfermedad general
880,EMP0310,2026-02-21,1,Trámite personal
881,EMP0310,2025-07-15,1,Trámite personal
882,EMP0311,2025-07-22,1,Enfermedad general
883,EMP0311,2025-08-27,1,Enfermedad general
884,EMP0311,2026-03-05,1,Falta injustificada
885,EMP0311,2026-03-03,1,Falta injustificada
886,EMP0311,2025-06-06,3,Enfermedad general
887,EMP0311,2026-04-19,4,Enfermedad general
888,EMP0312,2025-07-06,1,Enfermedad general
889,EMP0312,2025-09-18,1,Enfermedad general
890,EMP0313,2026-05-12,2,Enfermedad general
891,EMP0313,2026-04-21,3,Accidente menor
892,EMP0313,2026-05-19,4,Enfermedad general
893,EMP0314,2026-01-06,1,Enfermedad general
894,EMP0314,2025-07-26,1,Trámite personal
895,EMP0316,2025-09-16,2,Enfermedad general
896,EMP0316,2026-03-05,3,Enfermedad general
897,EMP0317,2026-05-28,1,Enfermedad general
898,EMP0317,2026-01-11,2,Enfermedad general
899,EMP0317,2026-04-30,1,Trámite personal
900,EMP0317,2025-07-09,3,Enfermedad general
901,EMP0317,2026-05-20,2,Enfermedad general
902,EMP0318,2025-08-20,3,Enfermedad general
903,EMP0318,2025-06-15,1,Enfermedad general
904,EMP0318,2026-01-24,1,Enfermedad general
905,EMP0318,2025-11-19,2,Enfermedad general
906,EMP0318,2025-06-22,3,Enfermedad general
907,EMP0320,2025-07-17,2,Accidente menor
908,EMP0320,2025-06-30,3,Enfermedad general
909,EMP0320,2025-09-02,1,Falta injustificada
910,EMP0321,2025-10-09,2,Accidente menor
911,EMP0322,2026-03-24,1,Enfermedad general
912,EMP0322,2025-09-27,2,Enfermedad general
913,EMP0322,2025-10-13,2,Enfermedad general
914,EMP0322,2025-12-28,5,Accidente menor
915,EMP0322,2026-01-19,4,Enfermedad general
916,EMP0324,2026-04-21,1,Enfermedad general
917,EMP0324,2025-12-27,5,Accidente menor
918,EMP0325,2025-11-11,5,Enfermedad general
919,EMP0325,2025-06-11,4,Enfermedad general
920,EMP0325,2025-12-19,2,Accidente menor
921,EMP0326,2026-03-03,3,Enfermedad general
922,EMP0326,2025-06-06,1,Enfermedad general
923,EMP0327,2026-04-27,1,Enfermedad general
924,EMP0327,2026-04-15,1,Enfermedad general
925,EMP0328,2025-07-05,2,Enfermedad general
926,EMP0328,2026-03-29,1,Trámite personal
927,EMP0328,2025-06-26,4,Enfermedad general
928,EMP0328,2026-05-27,4,Enfermedad general
929,EMP0328,2025-07-10,1,Enfermedad general
930,EMP0328,2025-12-03,1,Enfermedad general
931,EMP0328,2026-02-15,2,Accidente menor
932,EMP0329,2025-10-29,2,Enfermedad general
933,EMP0329,2026-05-20,1,Trámite personal
934,EMP0329,2025-11-04,5,Enfermedad general
935,EMP0330,2026-04-09,1,Enfermedad general
936,EMP0330,2025-07-17,2,Enfermedad general
937,EMP0332,2025-10-25,1,Enfermedad general
938,EMP0332,2026-01-13,2,Enfermedad general
939,EMP0332,2025-12-15,1,Enfermedad general
940,EMP0332,2025-12-22,1,Trámite personal
941,EMP0333,2026-05-07,4,Enfermedad general
942,EMP0334,2025-06-18,3,Enfermedad general
943,EMP0334,2026-01-31,1,Enfermedad general
944,EMP0334,2025-08-22,3,Enfermedad general
945,EMP0335,2026-03-03,2,Enfermedad general
946,EMP0336,2025-09-23,3,Enfermedad general
947,EMP0336,2025-08-11,3,Enfermedad general
948,EMP0336,2025-12-20,1,Trámite personal
949,EMP0336,2026-03-09,1,Falta injustificada
950,EMP0336,2025-11-01,1,Falta injustificada
951,EMP0337,2026-04-23,1,Enfermedad general
952,EMP0337,2025-08-15,1,Trámite personal
953,EMP0337,2025-11-02,2,Enfermedad general
954,EMP0337,2026-05-15,2,Enfermedad general
955,EMP0338,2026-04-30,1,Trámite personal
956,EMP0338,2025-12-11,5,Enfermedad general
957,EMP0338,2025-06-08,1,Enfermedad general
958,EMP0338,2026-03-13,1,Trámite personal
959,EMP0340,2026-03-14,3,Enfermedad general
960,EMP0340,2025-08-14,1,Trámite personal
961,EMP0340,2025-08-05,1,Enfermedad general
962,EMP0340,2025-06-24,2,Enfermedad general
963,EMP0340,2025-06-05,1,Enfermedad general
964,EMP0341,2026-03-23,1,Falta injustificada
965,EMP0341,2026-04-04,4,Enfermedad general
966,EMP0343,2025-12-21,1,Falta injustificada
967,EMP0343,2026-03-05,2,Permiso sindical
968,EMP0343,2026-03-10,2,Enfermedad general
969,EMP0343,2025-07-16,1,Enfermedad general
970,EMP0343,2025-11-06,3,Enfermedad general
971,EMP0345,2025-09-18,3,Enfermedad general
972,EMP0345,2025-11-26,1,Enfermedad general
973,EMP0346,2025-09-19,2,Enfermedad general
974,EMP0346,2025-12-31,5,Enfermedad general
975,EMP0347,2026-04-29,2,Enfermedad general
976,EMP0347,2026-02-20,2,Enfermedad general
977,EMP0347,2025-08-14,1,Enfermedad general
978,EMP0347,2025-08-24,5,Enfermedad general
979,EMP0348,2025-09-05,2,Permiso sindical
980,EMP0349,2025-09-24,1,Enfermedad general
981,EMP0349,2026-04-14,1,Enfermedad general
982,EMP0349,2025-10-10,1,Enfermedad general
983,EMP0350,2025-09-10,1,Trámite personal
984,EMP0350,2025-07-31,3,Enfermedad general
985,EMP0350,2025-09-03,1,Trámite personal
986,EMP0351,2026-05-12,1,Enfermedad general
987,EMP0351,2026-03-20,1,Falta injustificada
988,EMP0351,2025-06-30,5,Enfermedad general
989,EMP0352,2026-03-11,1,Enfermedad general
990,EMP0352,2026-01-25,1,Enfermedad general
991,EMP0353,2026-04-29,1,Enfermedad general
992,EMP0353,2026-03-11,1,Falta injustificada
993,EMP0353,2025-07-10,1,Enfermedad general
994,EMP0354,2025-10-29,1,Trámite personal
995,EMP0355,2026-05-12,3,Enfermedad general
996,EMP0355,2025-07-07,1,Trámite personal
997,EMP0356,2025-10-09,2,Enfermedad general
998,EMP0356,2025-07-23,1,Enfermedad general
999,EMP0357,2025-09-12,2,Enfermedad general
1000,EMP0357,2026-03-27,1,Trámite personal
1001,EMP0357,2026-02-07,2,Enfermedad general
1002,EMP0357,2025-11-19,1,Falta injustificada
1003,EMP0358,2025-12-02,4,Enfermedad general
1004,EMP0358,2025-08-07,1,Enfermedad general
1005,EMP0359,2026-05-12,2,Enfermedad general
1006,EMP0359,2026-05-04,2,Enfermedad general
1007,EMP0359,2025-10-01,1,Permiso sindical
1008,EMP0360,2025-07-24,1,Trámite personal
1009,EMP0361,2025-10-26,2,Enfermedad general
1010,EMP0362,2026-04-16,1,Enfermedad general
1011,EMP0362,2025-07-08,1,Trámite personal
1012,EMP0362,2025-09-10,1,Enfermedad general
1013,EMP0362,2025-11-12,2,Enfermedad general
1014,EMP0362,2026-02-06,1,Enfermedad general
1015,EMP0363,2026-01-19,1,Falta injustificada
1016,EMP0363,2025-11-18,5,Enfermedad general
1017,EMP0363,2026-04-14,1,Falta injustificada
1018,EMP0363,2026-05-06,1,Trámite personal
1019,EMP0365,2025-11-06,1,Falta injustificada
1020,EMP0366,2026-05-24,1,Falta injustificada
1021,EMP0366,2026-03-29,4,Enfermedad general
1022,EMP0366,2025-08-20,4,Accidente menor
1023,EMP0366,2025-11-11,1,Enfermedad general
1024,EMP0366,2026-01-08,2,Enfermedad general
1025,EMP0366,2025-08-28,1,Enfermedad general
1026,EMP0366,2025-06-05,1,Permiso sindical
1027,EMP0367,2025-11-10,1,Falta injustificada
1028,EMP0367,2025-10-07,2,Enfermedad general
1029,EMP0367,2025-09-24,1,Enfermedad general
1030,EMP0367,2026-04-27,1,Falta injustificada
1031,EMP0367,2026-01-12,1,Trámite personal
1032,EMP0367,2025-10-22,5,Enfermedad general
1033,EMP0368,2025-12-04,2,Enfermedad general
1034,EMP0368,2025-08-10,4,Enfermedad general
1035,EMP0368,2026-05-16,1,Trámite personal
1036,EMP0368,2025-11-19,4,Enfermedad general
1037,EMP0369,2026-02-03,1,Falta injustificada
1038,EMP0369,2026-01-25,1,Trámite personal
1039,EMP0369,2026-01-17,1,Falta injustificada
1040,EMP0370,2025-12-03,1,Enfermedad general
1041,EMP0370,2025-11-06,1,Enfermedad general
1042,EMP0370,2026-02-07,1,Enfermedad general
1043,EMP0370,2026-03-12,5,Enfermedad general
1044,EMP0370,2025-07-28,1,Trámite personal
1045,EMP0371,2025-08-31,2,Enfermedad general
1046,EMP0371,2026-04-29,1,Enfermedad general
1047,EMP0372,2026-04-09,5,Enfermedad general
1048,EMP0372,2025-07-14,4,Enfermedad general
1049,EMP0372,2025-10-24,3,Accidente menor
1050,EMP0372,2026-03-05,2,Enfermedad general
1051,EMP0372,2025-09-11,5,Enfermedad general
1052,EMP0374,2025-10-15,2,Permiso sindical
1053,EMP0374,2026-04-19,1,Enfermedad general
1054,EMP0374,2025-07-12,1,Trámite personal
1055,EMP0374,2025-07-11,2,Enfermedad general
1056,EMP0374,2025-06-12,2,Enfermedad general
1057,EMP0375,2026-02-17,1,Enfermedad general
1058,EMP0375,2026-04-22,2,Enfermedad general
1059,EMP0376,2025-06-18,2,Enfermedad general
1060,EMP0377,2026-03-27,2,Enfermedad general
1061,EMP0377,2026-03-26,3,Enfermedad general
1062,EMP0377,2025-12-27,2,Enfermedad general
1063,EMP0377,2026-04-01,1,Trámite personal
1064,EMP0377,2025-09-19,2,Accidente menor
1065,EMP0378,2026-03-12,1,Enfermedad general
1066,EMP0378,2025-10-14,2,Enfermedad general
1067,EMP0378,2026-03-08,1,Trámite personal
1068,EMP0380,2026-03-06,2,Enfermedad general
1069,EMP0380,2026-01-30,1,Enfermedad general
1070,EMP0380,2026-05-03,1,Trámite personal
1071,EMP0380,2025-08-18,2,Enfermedad general
1072,EMP0381,2025-12-07,1,Trámite personal
1073,EMP0382,2025-12-20,1,Trámite personal
1074,EMP0382,2025-09-25,1,Enfermedad general
1075,EMP0384,2026-03-31,2,Enfermedad general
1076,EMP0384,2025-10-29,1,Trámite personal
1077,EMP0384,2025-08-10,3,Enfermedad general
1078,EMP0384,2026-01-26,2,Enfermedad general
1079,EMP0384,2026-02-14,4,Enfermedad general
1080,EMP0385,2026-02-19,3,Enfermedad general
1081,EMP0385,2025-07-19,1,Enfermedad general
1082,EMP0385,2025-12-23,1,Falta injustificada
1083,EMP0386,2025-12-06,2,Enfermedad general
1084,EMP0387,2026-02-15,1,Enfermedad general
1085,EMP0387,2025-06-08,3,Enfermedad general
1086,EMP0387,2026-05-08,2,Enfermedad general
1087,EMP0388,2025-10-03,3,Enfermedad general
1088,EMP0389,2026-04-13,2,Enfermedad general
1089,EMP0389,2026-05-19,4,Enfermedad general
1090,EMP0389,2025-08-26,2,Enfermedad general
1091,EMP0390,2026-02-21,1,Enfermedad general
1092,EMP0390,2025-08-13,2,Enfermedad general
1093,EMP0390,2026-01-17,4,Enfermedad general
1094,EMP0390,2025-08-23,3,Accidente menor
1095,EMP0390,2026-03-19,1,Enfermedad general
1096,EMP0390,2026-03-19,3,Accidente menor
1097,EMP0390,2026-02-05,4,Accidente menor
1098,EMP0390,2025-06-23,1,Falta injustificada
1099,EMP0390,2025-09-23,5,Permiso sindical
1100,EMP0391,2026-02-07,1,Trámite personal
1101,EMP0392,2025-09-29,2,Enfermedad general
1102,EMP0392,2025-07-05,1,Falta injustificada
1103,EMP0392,2025-10-16,4,Enfermedad general
1104,EMP0392,2025-12-09,3,Accidente menor
1105,EMP0393,2025-06-24,1,Enfermedad general
1106,EMP0395,2026-05-11,2,Enfermedad general
1107,EMP0395,2025-09-16,2,Enfermedad general
1108,EMP0396,2026-02-23,2,Enfermedad general
1109,EMP0396,2025-12-04,1,Enfermedad general
1110,EMP0396,2025-12-18,1,Enfermedad general
1111,EMP0398,2026-01-29,1,Enfermedad general
1112,EMP0398,2026-01-21,1,Trámite personal
1113,EMP0399,2025-06-26,2,Enfermedad general
1114,EMP0400,2025-06-23,2,Enfermedad general
1115,EMP0400,2026-05-01,1,Trámite personal
1116,EMP0401,2025-11-15,3,Enfermedad general
1117,EMP0401,2025-07-25,1,Enfermedad general
1118,EMP0402,2026-02-24,4,Enfermedad general
1119,EMP0402,2026-04-23,3,Enfermedad general
1120,EMP0402,2025-10-21,4,Accidente menor
1121,EMP0402,2026-03-26,1,Enfermedad general
1122,EMP0403,2026-03-08,3,Accidente menor
1123,EMP0403,2025-12-12,5,Enfermedad general
1124,EMP0403,2026-05-03,1,Enfermedad general
1125,EMP0403,2025-12-13,1,Enfermedad general
1126,EMP0403,2025-12-07,3,Enfermedad general
1127,EMP0403,2026-03-30,5,Enfermedad general
1128,EMP0404,2026-05-03,1,Falta injustificada
1129,EMP0404,2025-07-12,1,Trámite personal
1130,EMP0405,2026-02-22,4,Accidente menor
1131,EMP0405,2025-12-12,3,Accidente menor
1132,EMP0405,2026-02-22,1,Enfermedad general
1133,EMP0406,2025-12-27,2,Enfermedad general
1134,EMP0407,2025-11-30,1,Falta injustificada
1135,EMP0408,2025-11-26,5,Enfermedad general
1136,EMP0408,2026-02-07,4,Enfermedad general
1137,EMP0408,2026-02-04,2,Enfermedad general
1138,EMP0408,2026-04-08,1,Enfermedad general
1139,EMP0408,2025-06-06,2,Enfermedad general
1140,EMP0408,2026-02-14,3,Enfermedad general
1141,EMP0408,2025-08-13,3,Enfermedad general
1142,EMP0408,2026-01-14,2,Enfermedad general
1143,EMP0408,2025-08-26,3,Enfermedad general
1144,EMP0409,2025-09-28,3,Enfermedad general
1145,EMP0409,2025-07-12,1,Enfermedad general
1146,EMP0409,2026-02-21,1,Enfermedad general
1147,EMP0410,2026-04-28,4,Accidente menor
1148,EMP0410,2025-09-19,3,Enfermedad general
1149,EMP0410,2025-08-18,3,Accidente menor
1150,EMP0410,2025-08-22,1,Enfermedad general
1151,EMP0411,2025-12-05,1,Enfermedad general
1152,EMP0411,2026-04-07,2,Enfermedad general
1153,EMP0411,2025-08-02,1,Falta injustificada
1154,EMP0412,2026-05-07,2,Enfermedad general
1155,EMP0412,2025-09-28,1,Enfermedad general
1156,EMP0413,2026-01-01,3,Enfermedad general
1157,EMP0413,2025-11-19,2,Enfermedad general
1158,EMP0413,2025-07-31,1,Falta injustificada
1159,EMP0413,2026-02-04,1,Trámite personal
1160,EMP0415,2026-05-14,2,Enfermedad general
1161,EMP0415,2026-02-03,4,Enfermedad general
1162,EMP0415,2026-02-03,1,Falta injustificada
1163,EMP0415,2025-09-18,2,Enfermedad general
1164,EMP0416,2026-04-01,1,Falta injustificada
1165,EMP0419,2025-08-24,2,Enfermedad general
1166,EMP0419,2026-04-30,3,Enfermedad general
1167,EMP0419,2025-12-30,4,Enfermedad general
1168,EMP0419,2025-06-14,1,Enfermedad general
1169,EMP0419,2025-10-05,1,Enfermedad general
1170,EMP0420,2025-06-25,4,Enfermedad general
1171,EMP0421,2025-08-07,1,Enfermedad general
1172,EMP0421,2026-03-23,3,Enfermedad general
1173,EMP0422,2026-04-02,1,Enfermedad general
1174,EMP0423,2025-08-24,1,Enfermedad general
1175,EMP0423,2025-08-10,1,Enfermedad general
1176,EMP0423,2026-04-21,2,Enfermedad general
1177,EMP0423,2026-02-20,1,Enfermedad general
1178,EMP0424,2025-06-23,2,Enfermedad general
1179,EMP0424,2026-03-23,1,Falta injustificada
1180,EMP0425,2025-08-17,2,Accidente menor
1181,EMP0425,2025-08-27,2,Enfermedad general
1182,EMP0425,2025-10-13,2,Enfermedad general
1183,EMP0425,2025-09-03,2,Enfermedad general
1184,EMP0425,2026-02-22,2,Enfermedad general
1185,EMP0425,2025-12-27,1,Trámite personal
1186,EMP0426,2026-04-05,2,Enfermedad general
1187,EMP0426,2026-03-18,2,Accidente menor
1188,EMP0426,2026-05-07,1,Trámite personal
1189,EMP0426,2025-10-26,2,Accidente menor
1190,EMP0426,2025-09-21,2,Enfermedad general
1191,EMP0427,2026-01-18,1,Trámite personal
1192,EMP0428,2026-04-09,5,Accidente menor
1193,EMP0428,2026-02-04,3,Enfermedad general
1194,EMP0429,2025-08-29,1,Trámite personal
1195,EMP0429,2025-09-23,1,Enfermedad general
1196,EMP0429,2025-12-30,1,Enfermedad general
1197,EMP0429,2026-04-06,1,Enfermedad general
1198,EMP0429,2025-08-15,3,Enfermedad general
1199,EMP0429,2026-03-28,1,Enfermedad general
1200,EMP0429,2025-09-04,1,Enfermedad general
1201,EMP0430,2026-04-18,1,Trámite personal
1202,EMP0430,2026-05-06,4,Accidente menor
1203,EMP0430,2025-08-27,1,Falta injustificada
1204,EMP0431,2026-05-20,1,Enfermedad general
1205,EMP0431,2025-11-25,5,Accidente menor
1206,EMP0432,2026-04-04,5,Enfermedad general
1207,EMP0433,2026-04-01,1,Trámite personal
1208,EMP0433,2025-07-08,1,Trámite personal
1209,EMP0433,2025-09-28,1,Enfermedad general
1210,EMP0434,2025-12-13,1,Enfermedad general
1211,EMP0434,2025-12-17,1,Trámite personal
1212,EMP0434,2025-08-09,1,Trámite personal
1213,EMP0434,2025-07-28,1,Enfermedad general
1214,EMP0435,2025-06-11,1,Enfermedad general
1215,EMP0435,2025-09-14,3,Enfermedad general
1216,EMP0436,2026-02-25,1,Trámite personal
1217,EMP0438,2026-02-16,1,Enfermedad general
1218,EMP0438,2026-05-19,2,Enfermedad general
1219,EMP0439,2026-01-03,2,Enfermedad general
1220,EMP0439,2025-08-18,1,Trámite personal
1221,EMP0439,2026-04-09,1,Enfermedad general
1222,EMP0440,2025-07-22,1,Enfermedad general
1223,EMP0440,2025-09-01,3,Enfermedad general
1224,EMP0440,2026-02-01,3,Enfermedad general
1225,EMP0441,2026-04-13,1,Trámite personal
1226,EMP0441,2026-04-06,1,Enfermedad general
1227,EMP0441,2025-06-22,4,Enfermedad general
1228,EMP0441,2026-03-02,2,Enfermedad general
1229,EMP0441,2026-02-15,1,Enfermedad general
1230,EMP0441,2025-08-02,1,Falta injustificada
1231,EMP0441,2025-07-20,5,Accidente menor
1232,EMP0441,2026-05-06,1,Enfermedad general
1233,EMP0441,2025-08-08,2,Enfermedad general
1234,EMP0442,2026-04-07,1,Trámite personal
1235,EMP0442,2026-03-06,2,Enfermedad general
1236,EMP0442,2025-06-03,5,Enfermedad general
1237,EMP0443,2026-05-16,4,Enfermedad general
1238,EMP0444,2026-05-01,1,Enfermedad general
1239,EMP0444,2026-01-09,5,Accidente menor
1240,EMP0444,2025-12-09,1,Enfermedad general
1241,EMP0444,2025-06-25,4,Enfermedad general
1242,EMP0444,2026-05-26,1,Enfermedad general
1243,EMP0444,2026-03-01,4,Enfermedad general
1244,EMP0445,2026-01-08,1,Enfermedad general
1245,EMP0445,2025-09-28,5,Accidente menor
1246,EMP0446,2025-12-15,2,Enfermedad general
1247,EMP0446,2025-11-29,1,Trámite personal
1248,EMP0446,2026-03-31,1,Enfermedad general
1249,EMP0447,2026-05-25,1,Enfermedad general
1250,EMP0447,2026-03-24,5,Enfermedad general
1251,EMP0447,2025-07-23,2,Enfermedad general
1252,EMP0447,2026-01-06,3,Enfermedad general
1253,EMP0447,2025-08-10,1,Enfermedad general
1254,EMP0447,2025-10-11,3,Enfermedad general
1255,EMP0448,2026-02-02,5,Enfermedad general
1256,EMP0449,2025-09-30,1,Trámite personal
1257,EMP0450,2025-07-15,2,Enfermedad general
1258,EMP0450,2025-10-26,1,Enfermedad general
1259,EMP0451,2026-04-05,1,Trámite personal
1260,EMP0452,2026-03-08,1,Falta injustificada
1261,EMP0453,2025-12-29,1,Enfermedad general
1262,EMP0453,2025-10-12,2,Enfermedad general
1263,EMP0453,2025-09-07,2,Enfermedad general
1264,EMP0453,2025-06-05,2,Accidente menor
1265,EMP0453,2026-03-25,1,Trámite personal
1266,EMP0454,2026-02-25,1,Enfermedad general
1267,EMP0454,2025-08-02,2,Enfermedad general
1268,EMP0454,2026-02-24,2,Enfermedad general
1269,EMP0454,2025-06-06,1,Trámite personal
1270,EMP0454,2025-12-12,1,Enfermedad general
1271,EMP0455,2026-05-04,1,Enfermedad general
1272,EMP0455,2025-09-16,2,Enfermedad general
1273,EMP0455,2026-05-21,1,Falta injustificada
1274,EMP0455,2025-11-11,5,Enfermedad general
1275,EMP0457,2025-12-29,1,Falta injustificada
1276,EMP0457,2025-12-05,1,Enfermedad general
1277,EMP0457,2025-07-27,1,Enfermedad general
1278,EMP0458,2025-08-21,1,Trámite personal
1279,EMP0458,2026-01-07,2,Enfermedad general
1280,EMP0459,2026-05-02,1,Enfermedad general
1281,EMP0459,2026-03-29,1,Enfermedad general
1282,EMP0459,2025-10-10,4,Accidente menor
1283,EMP0459,2026-03-04,4,Enfermedad general
1284,EMP0459,2026-01-05,1,Enfermedad general
1285,EMP0460,2026-03-19,2,Enfermedad general
1286,EMP0461,2025-12-07,4,Accidente menor
1287,EMP0461,2026-05-17,1,Trámite personal
1288,EMP0461,2025-12-23,3,Enfermedad general
1289,EMP0462,2025-09-15,1,Falta injustificada
1290,EMP0462,2025-12-31,1,Enfermedad general
1291,EMP0463,2026-03-12,2,Enfermedad general
1292,EMP0463,2026-03-15,1,Falta injustificada
1293,EMP0463,2026-02-05,1,Enfermedad general
1294,EMP0463,2025-09-02,1,Enfermedad general
1295,EMP0463,2025-12-09,1,Enfermedad general
1296,EMP0464,2026-03-16,1,Trámite personal
1297,EMP0466,2026-03-14,1,Falta injustificada
1298,EMP0467,2026-02-05,2,Enfermedad general
1299,EMP0467,2025-10-10,1,Enfermedad general
1300,EMP0467,2025-11-07,2,Enfermedad general
1301,EMP0468,2026-03-25,2,Enfermedad general
1302,EMP0468,2025-11-26,4,Enfermedad general
1303,EMP0469,2025-12-23,2,Enfermedad general
1304,EMP0470,2025-08-12,1,Enfermedad general
1305,EMP0470,2026-05-06,2,Enfermedad general
1306,EMP0470,2025-08-02,2,Enfermedad general
1307,EMP0470,2025-09-28,2,Enfermedad general
1308,EMP0470,2026-01-17,1,Enfermedad general
1309,EMP0471,2026-05-27,1,Enfermedad general
1310,EMP0471,2025-08-24,2,Enfermedad general
1311,EMP0471,2025-07-24,1,Trámite personal
1312,EMP0472,2025-09-20,1,Enfermedad general
1313,EMP0473,2026-02-18,1,Falta injustificada
1314,EMP0473,2025-12-25,3,Enfermedad general
1315,EMP0473,2025-11-23,5,Enfermedad general
1316,EMP0473,2026-03-11,1,Enfermedad general
1317,EMP0474,2026-04-13,1,Falta injustificada
1318,EMP0474,2026-05-25,1,Enfermedad general
1319,EMP0474,2026-05-19,1,Enfermedad general
1320,EMP0474,2025-06-29,4,Enfermedad general
1321,EMP0474,2025-08-24,4,Enfermedad general
1322,EMP0474,2025-12-19,4,Enfermedad general
1323,EMP0474,2026-04-24,1,Enfermedad general
1324,EMP0474,2025-06-05,5,Enfermedad general
1325,EMP0474,2025-07-19,2,Enfermedad general
1326,EMP0474,2025-08-16,1,Falta injustificada
1327,EMP0474,2026-01-30,2,Enfermedad general
1328,EMP0475,2026-04-06,1,Enfermedad general
1329,EMP0476,2026-01-11,2,Enfermedad general
1330,EMP0477,2025-07-18,1,Enfermedad general
1331,EMP0477,2025-07-05,4,Enfermedad general
1332,EMP0477,2025-10-15,2,Enfermedad general
1333,EMP0477,2025-09-24,1,Enfermedad general
1334,EMP0477,2025-12-09,5,Enfermedad general
1335,EMP0477,2025-07-13,4,Enfermedad general
1336,EMP0477,2026-04-10,2,Enfermedad general
1337,EMP0477,2025-06-22,4,Enfermedad general
1338,EMP0479,2025-12-16,2,Enfermedad general
1339,EMP0479,2025-12-25,3,Enfermedad general
1340,EMP0479,2026-04-13,1,Falta injustificada
1341,EMP0480,2026-05-04,2,Enfermedad general
1342,EMP0480,2026-02-24,1,Enfermedad general
1343,EMP0480,2025-10-27,1,Trámite personal
1344,EMP0480,2026-04-04,2,Accidente menor
1345,EMP0480,2025-08-31,1,Trámite personal
1346,EMP0482,2026-04-26,1,Enfermedad general
1347,EMP0484,2026-02-11,5,Accidente menor
1348,EMP0484,2025-06-08,3,Enfermedad general
1349,EMP0484,2025-09-14,1,Enfermedad general
1350,EMP0484,2026-05-05,2,Enfermedad general
1351,EMP0484,2026-02-23,1,Trámite personal
1352,EMP0484,2025-10-27,2,Enfermedad general
1353,EMP0485,2025-09-10,1,Enfermedad general
1354,EMP0485,2025-06-20,3,Enfermedad general
1355,EMP0485,2026-04-05,1,Trámite personal
1356,EMP0485,2026-02-19,2,Enfermedad general
1357,EMP0487,2026-02-22,1,Enfermedad general
1358,EMP0487,2026-05-26,1,Trámite personal
1359,EMP0488,2025-09-29,2,Enfermedad general
1360,EMP0488,2026-04-13,1,Enfermedad general
1361,EMP0489,2025-08-28,2,Accidente menor
1362,EMP0489,2025-12-04,5,Enfermedad general
1363,EMP0489,2025-10-03,3,Enfermedad general
1364,EMP0489,2026-05-04,1,Trámite personal
1365,EMP0489,2025-06-03,3,Enfermedad general
1366,EMP0489,2025-08-22,1,Enfermedad general
1367,EMP0490,2025-07-17,3,Enfermedad general
1368,EMP0490,2025-10-22,1,Falta injustificada
1369,EMP0490,2025-12-24,2,Enfermedad general
1370,EMP0490,2025-11-30,1,Enfermedad general
1371,EMP0490,2026-05-11,2,Enfermedad general
1372,EMP0491,2025-12-22,1,Trámite personal
1373,EMP0491,2025-12-27,4,Enfermedad general
1374,EMP0491,2026-03-30,1,Trámite personal
1375,EMP0491,2025-09-13,2,Accidente menor
1376,EMP0492,2025-07-08,1,Enfermedad general
1377,EMP0494,2025-07-19,1,Enfermedad general
1378,EMP0494,2026-03-11,2,Enfermedad general
1379,EMP0495,2025-10-26,2,Enfermedad general
1380,EMP0496,2026-03-16,2,Enfermedad general
1381,EMP0496,2026-03-28,1,Enfermedad general
1382,EMP0496,2025-11-28,3,Enfermedad general
1383,EMP0496,2025-11-27,1,Trámite personal
1384,EMP0496,2025-10-22,2,Enfermedad general
1385,EMP0496,2025-09-26,1,Enfermedad general
1386,EMP0497,2026-04-09,3,Accidente menor
1387,EMP0497,2026-01-21,1,Enfermedad general
1388,EMP0497,2025-12-26,1,Trámite personal
1389,EMP0498,2026-03-24,4,Enfermedad general
1390,EMP0498,2025-06-05,3,Enfermedad general
1391,EMP0498,2025-10-14,3,Accidente menor
1392,EMP0498,2025-12-28,3,Enfermedad general
1393,EMP0498,2026-02-17,1,Falta injustificada
1394,EMP0500,2025-07-27,1,Enfermedad general
1395,EMP0501,2026-03-16,2,Enfermedad general
1396,EMP0501,2025-07-10,3,Enfermedad general
1397,EMP0502,2026-02-15,2,Enfermedad general
1398,EMP0503,2025-10-31,1,Falta injustificada
1399,EMP0503,2025-11-24,2,Enfermedad general
1400,EMP0504,2025-08-01,1,Falta injustificada
1401,EMP0504,2026-02-20,3,Enfermedad general
1402,EMP0505,2025-10-12,1,Enfermedad general
1403,EMP0505,2026-03-05,1,Trámite personal
1404,EMP0505,2026-03-24,1,Falta injustificada
1405,EMP0505,2025-10-09,1,Trámite personal
1406,EMP0505,2026-05-24,5,Accidente menor
1407,EMP0506,2025-12-13,2,Enfermedad general
1408,EMP0507,2026-03-18,1,Trámite personal
1409,EMP0507,2026-02-05,3,Enfermedad general
1410,EMP0508,2025-10-05,4,Enfermedad general
1411,EMP0508,2025-11-23,3,Enfermedad general
1412,EMP0508,2026-01-23,2,Enfermedad general
1413,EMP0510,2026-05-17,5,Accidente menor
1414,EMP0510,2026-03-30,1,Enfermedad general
1415,EMP0510,2025-06-17,2,Enfermedad general
1416,EMP0510,2026-02-04,1,Trámite personal
1417,EMP0510,2025-08-01,2,Enfermedad general
1418,EMP0511,2025-10-13,1,Falta injustificada
1419,EMP0511,2025-07-07,1,Enfermedad general
1420,EMP0511,2025-12-15,1,Trámite personal
1421,EMP0512,2026-04-23,1,Trámite personal
1422,EMP0512,2025-09-23,1,Trámite personal
1423,EMP0512,2026-05-15,1,Enfermedad general
1424,EMP0512,2026-05-28,1,Falta injustificada
1425,EMP0512,2025-09-28,2,Enfermedad general
1426,EMP0514,2025-11-11,4,Enfermedad general
1427,EMP0514,2025-12-31,4,Enfermedad general
1428,EMP0514,2025-11-30,1,Falta injustificada
1429,EMP0514,2026-02-22,1,Falta injustificada
1430,EMP0515,2026-03-04,1,Falta injustificada
1431,EMP0517,2025-06-07,2,Enfermedad general
1432,EMP0518,2026-05-27,2,Enfermedad general
1433,EMP0519,2025-10-15,2,Enfermedad general
1434,EMP0519,2025-10-08,1,Enfermedad general
1435,EMP0519,2025-10-28,1,Enfermedad general
1436,EMP0520,2025-07-20,5,Accidente menor
1437,EMP0521,2026-05-13,3,Permiso sindical
1438,EMP0522,2025-11-25,3,Enfermedad general
1439,EMP0522,2025-07-11,1,Falta injustificada
1440,EMP0522,2026-03-13,3,Enfermedad general
1441,EMP0523,2025-09-02,3,Enfermedad general
1442,EMP0523,2026-02-01,4,Accidente menor
1443,EMP0525,2025-12-01,3,Accidente menor
1444,EMP0525,2026-03-23,2,Enfermedad general
1445,EMP0525,2025-10-18,3,Accidente menor
1446,EMP0525,2026-05-18,4,Enfermedad general
1447,EMP0528,2025-09-08,2,Enfermedad general
1448,EMP0530,2026-02-13,2,Enfermedad general
1449,EMP0530,2025-09-13,1,Enfermedad general
1450,EMP0531,2025-10-01,2,Enfermedad general
1451,EMP0531,2025-10-04,3,Enfermedad general
1452,EMP0532,2025-10-16,1,Enfermedad general
1453,EMP0532,2025-09-16,1,Trámite personal
1454,EMP0532,2025-09-28,1,Enfermedad general
1455,EMP0532,2025-09-14,3,Accidente menor
1456,EMP0533,2026-04-15,1,Trámite personal
1457,EMP0533,2025-12-02,1,Enfermedad general
1458,EMP0534,2025-08-21,4,Enfermedad general
1459,EMP0534,2025-07-27,1,Enfermedad general
1460,EMP0534,2025-08-03,1,Falta injustificada
1461,EMP0534,2025-07-13,2,Enfermedad general
1462,EMP0534,2026-05-15,2,Enfermedad general
1463,EMP0534,2026-05-08,1,Enfermedad general
1464,EMP0535,2026-02-10,2,Enfermedad general
1465,EMP0535,2026-04-13,1,Trámite personal
1466,EMP0535,2025-06-06,1,Trámite personal
1467,EMP0535,2026-03-07,1,Enfermedad general
1468,EMP0536,2025-06-24,1,Falta injustificada
1469,EMP0537,2026-02-04,1,Falta injustificada
1470,EMP0537,2025-12-10,1,Falta injustificada
1471,EMP0537,2026-04-16,3,Enfermedad general
1472,EMP0538,2025-11-11,1,Enfermedad general
1473,EMP0538,2026-02-10,2,Enfermedad general
1474,EMP0538,2026-03-24,2,Enfermedad general
1475,EMP0538,2025-10-21,3,Enfermedad general
1476,EMP0538,2026-02-09,2,Enfermedad general
1477,EMP0539,2025-09-04,1,Enfermedad general
1478,EMP0539,2026-02-19,2,Enfermedad general
1479,EMP0540,2025-10-24,5,Accidente menor
1480,EMP0541,2025-09-24,1,Enfermedad general
1481,EMP0541,2026-03-25,4,Enfermedad general
1482,EMP0541,2025-08-07,1,Trámite personal
1483,EMP0541,2025-06-30,1,Trámite personal
1484,EMP0543,2026-02-27,3,Enfermedad general
1485,EMP0544,2026-01-05,2,Enfermedad general
1486,EMP0545,2026-02-02,1,Trámite personal
1487,EMP0546,2026-03-06,1,Enfermedad general
1488,EMP0546,2025-06-19,2,Enfermedad general
1489,EMP0546,2026-02-15,1,Enfermedad general
1490,EMP0546,2025-11-27,3,Enfermedad general
1491,EMP0546,2025-12-21,3,Accidente menor
1492,EMP0546,2026-01-23,2,Enfermedad general
1493,EMP0549,2025-08-03,1,Trámite personal
1494,EMP0549,2026-05-26,1,Trámite personal
1495,EMP0550,2026-02-23,3,Permiso sindical
1496,EMP0550,2026-01-24,1,Falta injustificada
1497,EMP0550,2025-11-11,1,Enfermedad general
1498,EMP0550,2026-05-21,1,Enfermedad general
1499,EMP0551,2025-06-07,2,Accidente menor
1500,EMP0551,2026-05-14,2,Enfermedad general
1501,EMP0551,2025-09-18,1,Trámite personal
1502,EMP0551,2025-12-14,4,Enfermedad general
1503,EMP0551,2026-03-27,1,Trámite personal
1504,EMP0552,2025-07-24,1,Enfermedad general
1505,EMP0552,2025-11-16,4,Accidente menor
1506,EMP0552,2026-04-12,5,Enfermedad general
1507,EMP0552,2025-10-13,1,Trámite personal
1508,EMP0553,2025-09-06,1,Enfermedad general
1509,EMP0553,2026-03-10,1,Trámite personal
1510,EMP0553,2025-10-15,3,Enfermedad general
1511,EMP0554,2025-10-02,1,Trámite personal
1512,EMP0554,2025-10-18,1,Falta injustificada
1513,EMP0555,2026-01-30,1,Enfermedad general
1514,EMP0557,2026-04-12,4,Enfermedad general
1515,EMP0557,2025-11-25,5,Enfermedad general
1516,EMP0557,2025-12-07,1,Enfermedad general
1517,EMP0558,2025-09-05,1,Trámite personal
1518,EMP0558,2026-02-13,1,Trámite personal
1519,EMP0558,2026-01-06,3,Enfermedad general
1520,EMP0559,2025-09-18,1,Enfermedad general
1521,EMP0559,2026-01-03,1,Enfermedad general
1522,EMP0561,2026-05-27,1,Enfermedad general
1523,EMP0562,2025-12-10,1,Trámite personal
1524,EMP0562,2025-12-06,1,Enfermedad general
1525,EMP0562,2025-12-25,5,Enfermedad general
1526,EMP0563,2025-10-24,1,Enfermedad general
1527,EMP0564,2026-01-19,1,Enfermedad general
1528,EMP0564,2025-09-03,1,Enfermedad general
1529,EMP0565,2026-03-22,4,Enfermedad general
1530,EMP0565,2025-08-09,4,Enfermedad general
1531,EMP0566,2026-03-24,1,Enfermedad general
1532,EMP0566,2026-05-20,1,Trámite personal
1533,EMP0567,2025-09-28,1,Falta injustificada
1534,EMP0567,2025-07-24,3,Enfermedad general
1535,EMP0567,2025-10-19,4,Enfermedad general
1536,EMP0568,2025-10-01,5,Accidente menor
1537,EMP0568,2025-12-15,1,Enfermedad general
1538,EMP0569,2025-09-11,1,Falta injustificada
1539,EMP0569,2025-08-16,1,Enfermedad general
1540,EMP0569,2025-08-18,4,Enfermedad general
1541,EMP0571,2026-01-31,2,Accidente menor
1542,EMP0571,2025-09-01,2,Enfermedad general
1543,EMP0573,2026-01-04,1,Falta injustificada
1544,EMP0573,2026-02-13,3,Enfermedad general
1545,EMP0574,2025-08-10,4,Accidente menor
1546,EMP0574,2026-02-07,1,Enfermedad general
1547,EMP0574,2025-11-03,1,Trámite personal
1548,EMP0575,2025-10-09,1,Trámite personal
1549,EMP0577,2026-03-17,2,Enfermedad general
1550,EMP0577,2026-03-20,2,Enfermedad general
1551,EMP0577,2025-06-27,1,Permiso sindical
1552,EMP0579,2025-12-23,1,Falta injustificada
1553,EMP0580,2025-07-23,1,Trámite personal
1554,EMP0580,2026-05-22,3,Enfermedad general
1555,EMP0580,2025-08-25,1,Enfermedad general
1556,EMP0581,2025-07-03,2,Enfermedad general
1557,EMP0581,2025-09-21,3,Enfermedad general
1558,EMP0583,2025-10-11,1,Enfermedad general
1559,EMP0583,2026-02-01,1,Trámite personal
1560,EMP0583,2026-04-21,3,Enfermedad general
1561,EMP0583,2025-07-22,3,Enfermedad general
1562,EMP0584,2026-01-19,5,Enfermedad general
1563,EMP0584,2025-11-21,1,Enfermedad general
1564,EMP0584,2025-10-14,2,Enfermedad general
1565,EMP0584,2025-12-04,1,Trámite personal
1566,EMP0584,2025-12-04,2,Enfermedad general
1567,EMP0585,2026-03-16,4,Accidente menor
1568,EMP0585,2025-11-26,1,Enfermedad general
1569,EMP0586,2025-06-13,1,Enfermedad general
1570,EMP0586,2025-12-30,2,Accidente menor
1571,EMP0587,2025-11-29,1,Trámite personal
1572,EMP0587,2026-05-16,2,Enfermedad general
1573,EMP0587,2026-04-09,2,Enfermedad general
1574,EMP0587,2025-09-12,1,Trámite personal
1575,EMP0587,2026-03-25,1,Trámite personal
1576,EMP0587,2026-03-24,2,Enfermedad general
1577,EMP0587,2026-05-01,1,Trámite personal
1578,EMP0589,2026-05-01,1,Permiso sindical
1579,EMP0589,2026-03-05,3,Enfermedad general
1580,EMP0591,2025-08-31,1,Enfermedad general
1581,EMP0591,2025-10-26,3,Enfermedad general
1582,EMP0591,2025-12-01,2,Enfermedad general
1583,EMP0592,2025-11-16,1,Enfermedad general
1584,EMP0592,2026-05-13,2,Enfermedad general
1585,EMP0592,2026-02-19,4,Permiso sindical
1586,EMP0592,2026-02-07,2,Enfermedad general
1587,EMP0593,2026-01-17,1,Enfermedad general
1588,EMP0593,2025-07-13,2,Enfermedad general
1589,EMP0593,2025-12-15,5,Enfermedad general
1590,EMP0593,2026-04-13,1,Enfermedad general
1591,EMP0593,2025-10-27,2,Enfermedad general
1592,EMP0594,2026-01-26,1,Enfermedad general
1593,EMP0594,2026-04-22,2,Enfermedad general
1594,EMP0594,2025-08-16,3,Permiso sindical
1595,EMP0595,2025-08-27,3,Enfermedad general
1596,EMP0595,2026-04-26,1,Enfermedad general
1597,EMP0595,2025-11-22,1,Enfermedad general
1598,EMP0595,2026-01-04,1,Enfermedad general
1599,EMP0596,2026-04-22,1,Falta injustificada
1600,EMP0596,2026-04-12,3,Enfermedad general
1601,EMP0596,2026-03-22,4,Enfermedad general
1602,EMP0596,2025-12-27,3,Enfermedad general
1603,EMP0596,2025-07-09,1,Enfermedad general
1604,EMP0596,2025-07-13,5,Enfermedad general
1605,EMP0596,2025-08-24,4,Enfermedad general
1606,EMP0597,2025-11-25,5,Enfermedad general
1607,EMP0597,2025-09-27,3,Enfermedad general
1608,EMP0597,2025-11-10,2,Enfermedad general
1609,EMP0597,2025-11-12,4,Accidente menor
1610,EMP0597,2025-10-17,1,Enfermedad general
1611,EMP0597,2026-04-08,1,Falta injustificada
1612,EMP0597,2026-04-29,1,Trámite personal
1613,EMP0597,2025-12-22,1,Trámite personal
1614,EMP0598,2025-10-19,2,Enfermedad general
1615,EMP0599,2026-01-16,1,Trámite personal
1616,EMP0601,2025-12-05,2,Enfermedad general
1617,EMP0602,2026-03-30,2,Enfermedad general
1618,EMP0604,2026-02-24,1,Enfermedad general
1619,EMP0604,2026-01-19,1,Enfermedad general
1620,EMP0604,2025-12-31,2,Enfermedad general
1621,EMP0604,2025-08-27,4,Enfermedad general
1622,EMP0604,2025-09-05,4,Enfermedad general
1623,EMP0605,2025-06-14,3,Accidente menor
1624,EMP0605,2025-10-01,1,Enfermedad general
1625,EMP0606,2026-05-07,2,Enfermedad general
1626,EMP0606,2025-10-09,2,Enfermedad general
1627,EMP0606,2026-05-27,2,Enfermedad general
1628,EMP0607,2025-07-13,2,Enfermedad general
1629,EMP0608,2025-09-18,1,Enfermedad general
1630,EMP0608,2025-08-27,5,Enfermedad general
1631,EMP0609,2025-12-23,4,Enfermedad general
1632,EMP0609,2025-07-25,5,Enfermedad general
1633,EMP0609,2025-07-21,2,Enfermedad general
1634,EMP0609,2025-07-05,1,Falta injustificada
1635,EMP0609,2026-01-31,3,Enfermedad general
1636,EMP0609,2026-03-10,2,Enfermedad general
1637,EMP0609,2025-06-30,1,Falta injustificada
1638,EMP0609,2025-06-16,1,Enfermedad general
1639,EMP0611,2025-12-23,3,Enfermedad general
1640,EMP0611,2026-02-26,2,Accidente menor
1641,EMP0614,2025-07-26,1,Enfermedad general
1642,EMP0614,2025-10-15,3,Accidente menor
1643,EMP0614,2025-07-16,1,Enfermedad general
1644,EMP0614,2026-05-04,1,Enfermedad general
1645,EMP0614,2025-12-19,1,Enfermedad general
1646,EMP0614,2025-11-08,3,Enfermedad general
1647,EMP0614,2025-09-28,3,Accidente menor
1648,EMP0615,2025-10-26,1,Enfermedad general
1649,EMP0615,2026-01-15,1,Enfermedad general
1650,EMP0615,2026-04-19,2,Enfermedad general
1651,EMP0616,2025-08-06,1,Enfermedad general
1652,EMP0616,2025-08-09,2,Enfermedad general
1653,EMP0616,2026-02-27,1,Trámite personal
1654,EMP0617,2025-08-29,2,Enfermedad general
1655,EMP0617,2025-06-17,2,Enfermedad general
1656,EMP0617,2025-06-20,1,Trámite personal
1657,EMP0618,2026-05-08,1,Trámite personal
1658,EMP0618,2025-12-02,4,Accidente menor
1659,EMP0621,2026-02-01,2,Enfermedad general
1660,EMP0622,2026-01-28,1,Enfermedad general
1661,EMP0622,2026-03-06,1,Trámite personal
1662,EMP0622,2025-10-20,5,Enfermedad general
1663,EMP0623,2026-03-10,1,Enfermedad general
1664,EMP0623,2026-01-16,1,Falta injustificada
1665,EMP0623,2025-08-11,2,Enfermedad general
1666,EMP0623,2026-05-26,1,Enfermedad general
1667,EMP0624,2026-03-06,1,Trámite personal
1668,EMP0626,2025-09-01,2,Enfermedad general
1669,EMP0626,2026-04-01,1,Trámite personal
1670,EMP0626,2026-04-04,3,Enfermedad general
1671,EMP0626,2026-01-22,2,Enfermedad general
1672,EMP0627,2026-04-22,3,Enfermedad general
1673,EMP0627,2026-04-24,1,Falta injustificada
1674,EMP0628,2026-03-18,4,Enfermedad general
1675,EMP0628,2026-01-11,1,Enfermedad general
1676,EMP0628,2026-02-26,3,Enfermedad general
1677,EMP0629,2026-04-26,1,Trámite personal
1678,EMP0629,2026-04-26,1,Trámite personal
1679,EMP0629,2026-03-03,1,Enfermedad general
1680,EMP0629,2025-11-08,3,Enfermedad general
1681,EMP0629,2025-11-27,1,Enfermedad general
1682,EMP0630,2026-02-04,1,Trámite personal
1683,EMP0630,2026-03-06,2,Enfermedad general
1684,EMP0632,2025-09-27,1,Falta injustificada
1685,EMP0633,2025-07-18,5,Accidente menor
1686,EMP0633,2025-11-07,1,Falta injustificada
1687,EMP0633,2025-12-07,1,Falta injustificada
1688,EMP0633,2025-12-31,4,Accidente menor
1689,EMP0635,2025-08-21,1,Enfermedad general
1690,EMP0635,2025-11-05,1,Trámite personal
1691,EMP0635,2025-06-08,2,Enfermedad general
1692,EMP0636,2025-06-03,1,Enfermedad general
1693,EMP0636,2026-02-25,1,Trámite personal
1694,EMP0637,2025-08-11,1,Falta injustificada
1695,EMP0637,2025-11-26,2,Enfermedad general
1696,EMP0637,2025-10-27,3,Enfermedad general
1697,EMP0638,2026-01-29,1,Enfermedad general
1698,EMP0638,2026-03-03,2,Accidente menor
1699,EMP0638,2026-05-21,1,Enfermedad general
1700,EMP0638,2026-02-09,1,Enfermedad general
1701,EMP0638,2026-02-02,1,Enfermedad general
1702,EMP0639,2025-11-03,2,Enfermedad general
1703,EMP0639,2025-06-07,4,Enfermedad general
1704,EMP0639,2026-01-09,2,Enfermedad general
1705,EMP0639,2025-10-30,3,Enfermedad general
1706,EMP0639,2026-04-04,1,Trámite personal
1707,EMP0640,2025-09-29,1,Trámite personal
1708,EMP0640,2025-06-06,2,Enfermedad general
1709,EMP0640,2026-03-10,4,Accidente menor
1710,EMP0640,2025-09-07,1,Enfermedad general
1711,EMP0640,2025-12-30,1,Enfermedad general
1712,EMP0640,2026-03-17,5,Enfermedad general
1713,EMP0641,2026-01-12,2,Enfermedad general
1714,EMP0642,2025-12-22,3,Accidente menor
1715,EMP0642,2025-08-25,2,Enfermedad general
1716,EMP0642,2026-04-29,1,Enfermedad general
1717,EMP0642,2025-12-19,5,Accidente menor
1718,EMP0642,2025-09-23,1,Enfermedad general
1719,EMP0642,2025-10-15,1,Enfermedad general
1720,EMP0643,2025-07-13,2,Enfermedad general
1721,EMP0643,2026-01-05,3,Accidente menor
1722,EMP0643,2026-02-22,4,Accidente menor
1723,EMP0644,2025-10-26,1,Falta injustificada
1724,EMP0644,2026-05-01,1,Falta injustificada
1725,EMP0644,2026-03-02,1,Enfermedad general
1726,EMP0645,2025-10-18,2,Enfermedad general
1727,EMP0645,2025-12-31,2,Enfermedad general
1728,EMP0645,2025-09-07,1,Falta injustificada
1729,EMP0645,2025-07-08,1,Enfermedad general
1730,EMP0648,2025-09-04,3,Enfermedad general
1731,EMP0648,2025-08-11,4,Accidente menor
1732,EMP0648,2025-07-29,1,Enfermedad general
1733,EMP0648,2026-04-25,5,Accidente menor
1734,EMP0649,2026-04-15,1,Enfermedad general
1735,EMP0651,2026-01-20,3,Enfermedad general
1736,EMP0651,2025-10-20,1,Enfermedad general
1737,EMP0651,2026-05-27,1,Enfermedad general
1738,EMP0651,2026-04-17,1,Enfermedad general
1739,EMP0652,2026-02-09,1,Trámite personal
1740,EMP0652,2025-09-07,1,Enfermedad general
1741,EMP0652,2025-11-14,2,Enfermedad general
1742,EMP0652,2025-06-12,2,Enfermedad general
1743,EMP0652,2025-08-19,2,Enfermedad general
1744,EMP0653,2025-06-28,5,Enfermedad general
1745,EMP0653,2026-03-03,1,Enfermedad general
1746,EMP0653,2025-06-14,1,Enfermedad general
1747,EMP0653,2025-09-06,1,Trámite personal
1748,EMP0653,2025-07-25,3,Enfermedad general
1749,EMP0653,2025-10-25,1,Enfermedad general
1750,EMP0653,2025-10-18,2,Enfermedad general
1751,EMP0654,2025-08-06,5,Enfermedad general
1752,EMP0655,2026-01-13,1,Enfermedad general
1753,EMP0655,2025-06-07,4,Enfermedad general
1754,EMP0656,2025-09-30,3,Enfermedad general
1755,EMP0656,2025-07-19,1,Falta injustificada
1756,EMP0656,2025-08-19,2,Permiso sindical
1757,EMP0656,2025-06-10,1,Enfermedad general
1758,EMP0656,2026-02-10,1,Falta injustificada
1759,EMP0656,2025-09-22,1,Enfermedad general
1760,EMP0657,2025-11-25,1,Enfermedad general
1761,EMP0657,2026-01-04,2,Enfermedad general
1762,EMP0657,2025-11-09,5,Enfermedad general
1763,EMP0657,2026-02-13,1,Enfermedad general
1764,EMP0659,2025-12-10,4,Enfermedad general
1765,EMP0659,2026-01-26,1,Trámite personal
1766,EMP0659,2026-05-25,2,Enfermedad general
1767,EMP0659,2025-06-19,1,Falta injustificada
1768,EMP0659,2025-11-19,3,Enfermedad general
1769,EMP0660,2025-07-14,2,Enfermedad general
1770,EMP0660,2025-08-16,5,Enfermedad general
1771,EMP0661,2025-07-01,4,Enfermedad general
1772,EMP0661,2025-10-17,1,Trámite personal
1773,EMP0661,2025-12-20,1,Enfermedad general
1774,EMP0661,2025-07-09,5,Accidente menor
1775,EMP0661,2025-09-03,1,Falta injustificada
1776,EMP0662,2025-09-09,3,Enfermedad general
1777,EMP0662,2025-10-09,2,Enfermedad general
1778,EMP0664,2025-12-15,1,Enfermedad general
1779,EMP0664,2025-06-09,1,Trámite personal
1780,EMP0665,2025-08-04,1,Falta injustificada
1781,EMP0665,2025-10-08,1,Falta injustificada
1782,EMP0666,2025-12-17,1,Trámite personal
1783,EMP0667,2026-01-15,2,Enfermedad general
1784,EMP0668,2025-10-07,1,Enfermedad general
1785,EMP0668,2025-06-20,3,Enfermedad general
1786,EMP0669,2025-09-12,3,Enfermedad general
1787,EMP0669,2026-01-24,1,Trámite personal
1788,EMP0669,2025-07-21,1,Falta injustificada
1789,EMP0669,2026-02-24,2,Enfermedad general
1790,EMP0669,2026-05-09,4,Enfermedad general
1791,EMP0670,2025-09-17,3,Enfermedad general
1792,EMP0671,2026-01-31,2,Enfermedad general
1793,EMP0672,2025-12-19,1,Trámite personal
1794,EMP0672,2026-05-17,2,Enfermedad general
1795,EMP0672,2025-11-09,4,Enfermedad general
1796,EMP0673,2025-11-15,3,Enfermedad general
1797,EMP0673,2025-08-23,4,Enfermedad general
1798,EMP0673,2026-04-21,1,Trámite personal
1799,EMP0674,2025-06-24,1,Falta injustificada
1800,EMP0674,2026-03-11,3,Enfermedad general
1801,EMP0675,2026-02-24,4,Enfermedad general
1802,EMP0675,2025-08-04,2,Enfermedad general
1803,EMP0675,2025-10-10,5,Accidente menor
1804,EMP0676,2026-04-25,1,Falta injustificada
1805,EMP0678,2025-11-02,2,Enfermedad general
1806,EMP0678,2025-09-12,4,Enfermedad general
1807,EMP0679,2025-12-04,1,Enfermedad general
1808,EMP0679,2025-06-29,2,Enfermedad general
1809,EMP0679,2026-05-10,1,Trámite personal
1810,EMP0679,2025-09-22,2,Enfermedad general
1811,EMP0679,2025-07-30,1,Enfermedad general
1812,EMP0679,2025-10-01,3,Enfermedad general
1813,EMP0680,2026-04-23,5,Accidente menor
1814,EMP0680,2025-11-16,3,Enfermedad general
1815,EMP0682,2025-06-10,1,Enfermedad general
1816,EMP0682,2025-08-27,2,Enfermedad general
1817,EMP0682,2025-10-22,1,Trámite personal
1818,EMP0682,2026-03-29,1,Falta injustificada
1819,EMP0683,2025-08-03,2,Enfermedad general
1820,EMP0683,2025-12-22,2,Enfermedad general
1821,EMP0684,2025-10-05,2,Accidente menor
1822,EMP0684,2025-06-24,5,Accidente menor
1823,EMP0684,2026-05-21,3,Enfermedad general
1824,EMP0685,2026-04-04,1,Trámite personal
1825,EMP0685,2025-08-21,3,Enfermedad general
1826,EMP0685,2025-12-10,1,Trámite personal
1827,EMP0686,2025-07-18,2,Enfermedad general
1828,EMP0686,2025-10-08,2,Enfermedad general
1829,EMP0686,2025-08-22,1,Falta injustificada
1830,EMP0687,2026-02-13,5,Enfermedad general
1831,EMP0687,2025-07-19,1,Trámite personal
1832,EMP0687,2026-05-20,1,Falta injustificada
1833,EMP0689,2026-04-15,1,Trámite personal
1834,EMP0690,2025-11-23,2,Enfermedad general
1835,EMP0690,2026-04-19,1,Trámite personal
1836,EMP0691,2025-07-03,3,Enfermedad general
1837,EMP0691,2025-07-03,1,Enfermedad general
1838,EMP0691,2025-12-02,1,Enfermedad general
1839,EMP0691,2026-04-29,1,Enfermedad general
1840,EMP0691,2025-08-20,1,Enfermedad general
1841,EMP0694,2026-05-28,1,Enfermedad general
1842,EMP0695,2026-03-04,3,Enfermedad general
1843,EMP0695,2025-07-27,2,Enfermedad general
1844,EMP0695,2025-08-06,2,Enfermedad general
1845,EMP0695,2026-02-07,1,Falta injustificada
1846,EMP0695,2025-09-30,1,Falta injustificada
1847,EMP0695,2025-11-12,1,Enfermedad general
1848,EMP0696,2026-03-15,2,Enfermedad general
1849,EMP0696,2026-04-29,4,Accidente menor
1850,EMP0696,2026-01-13,2,Enfermedad general
1851,EMP0696,2025-09-09,1,Falta injustificada
1852,EMP0696,2025-06-13,1,Enfermedad general
1853,EMP0696,2026-05-21,1,Trámite personal
1854,EMP0697,2025-12-13,3,Enfermedad general
1855,EMP0698,2025-12-03,2,Enfermedad general
1856,EMP0698,2025-08-10,1,Enfermedad general
1857,EMP0698,2025-10-09,2,Enfermedad general
1858,EMP0698,2025-06-23,2,Enfermedad general
1859,EMP0699,2026-02-06,1,Enfermedad general
1860,EMP0699,2026-01-13,2,Enfermedad general
1861,EMP0699,2026-03-16,1,Trámite personal
1862,EMP0699,2025-10-31,2,Enfermedad general
1863,EMP0699,2026-03-07,1,Falta injustificada
1864,EMP0699,2026-05-25,1,Trámite personal
1865,EMP0699,2026-02-08,2,Enfermedad general
1866,EMP0700,2025-09-08,1,Enfermedad general
1867,EMP0700,2026-03-20,2,Enfermedad general
1868,EMP0700,2025-09-06,1,Enfermedad general
1869,EMP0700,2026-03-08,1,Trámite personal
1870,EMP0700,2025-11-28,1,Trámite personal
1871,EMP0700,2025-11-15,2,Enfermedad general
1872,EMP0700,2026-01-28,1,Enfermedad general
1873,EMP0701,2025-10-21,1,Trámite personal
1874,EMP0701,2026-04-05,3,Accidente menor
1875,EMP0701,2025-07-08,2,Permiso sindical
1876,EMP0702,2026-03-01,2,Enfermedad general
1877,EMP0702,2025-08-21,1,Enfermedad general
1878,EMP0702,2026-01-19,1,Trámite personal
1879,EMP0703,2025-11-01,1,Trámite personal
1880,EMP0703,2025-10-15,1,Enfermedad general
1881,EMP0704,2026-03-07,4,Accidente menor
1882,EMP0704,2026-01-21,1,Enfermedad general
1883,EMP0704,2025-06-03,5,Enfermedad general
1884,EMP0704,2026-04-25,4,Enfermedad general
1885,EMP0705,2026-02-17,1,Trámite personal
1886,EMP0705,2025-12-14,1,Enfermedad general
1887,EMP0707,2025-09-05,1,Falta injustificada
1888,EMP0707,2025-06-12,3,Enfermedad general
1889,EMP0707,2026-04-16,3,Enfermedad general
1890,EMP0708,2025-12-06,1,Enfermedad general
1891,EMP0708,2026-04-16,2,Enfermedad general
1892,EMP0709,2025-10-03,1,Trámite personal
1893,EMP0710,2025-11-14,3,Enfermedad general
1894,EMP0710,2025-07-05,5,Accidente menor
1895,EMP0710,2025-09-08,1,Trámite personal
1896,EMP0710,2026-02-26,2,Enfermedad general
1897,EMP0710,2026-05-18,5,Accidente menor
1898,EMP0711,2026-03-12,2,Enfermedad general
1899,EMP0711,2025-08-20,2,Enfermedad general
1900,EMP0711,2026-04-12,1,Trámite personal
1901,EMP0712,2025-10-25,2,Enfermedad general
1902,EMP0714,2025-11-15,2,Enfermedad general
1903,EMP0714,2025-12-29,1,Falta injustificada
1904,EMP0714,2026-04-27,2,Enfermedad general
1905,EMP0714,2025-11-14,1,Enfermedad general
1906,EMP0716,2025-07-29,2,Enfermedad general
1907,EMP0716,2025-07-22,2,Enfermedad general
1908,EMP0716,2026-02-25,1,Enfermedad general
1909,EMP0716,2026-05-06,2,Accidente menor
1910,EMP0717,2025-06-25,3,Accidente menor
1911,EMP0717,2025-09-02,1,Trámite personal
1912,EMP0717,2025-06-19,3,Accidente menor
1913,EMP0717,2025-07-27,1,Enfermedad general
1914,EMP0717,2026-02-06,2,Enfermedad general
1915,EMP0717,2025-09-09,1,Enfermedad general
1916,EMP0717,2025-07-23,1,Enfermedad general
1917,EMP0717,2025-06-19,1,Trámite personal
1918,EMP0718,2026-03-22,1,Enfermedad general
1919,EMP0720,2026-04-27,1,Enfermedad general
1920,EMP0720,2025-12-18,1,Trámite personal
1921,EMP0720,2026-05-05,1,Enfermedad general
1922,EMP0720,2026-02-08,1,Enfermedad general
1923,EMP0720,2026-02-27,1,Enfermedad general
1924,EMP0722,2026-04-18,2,Enfermedad general
1925,EMP0722,2026-05-28,1,Enfermedad general
1926,EMP0722,2026-04-01,1,Falta injustificada
1927,EMP0722,2025-10-12,1,Enfermedad general
1928,EMP0723,2025-06-28,3,Enfermedad general
1929,EMP0723,2025-12-07,2,Enfermedad general
1930,EMP0723,2025-09-24,1,Trámite personal
1931,EMP0723,2026-04-09,1,Trámite personal
1932,EMP0723,2025-07-09,1,Trámite personal
1933,EMP0724,2025-06-09,3,Accidente menor
1934,EMP0724,2026-05-04,1,Enfermedad general
1935,EMP0725,2026-02-09,3,Enfermedad general
1936,EMP0726,2025-07-13,1,Trámite personal
1937,EMP0727,2026-01-28,2,Accidente menor
1938,EMP0727,2025-12-04,1,Trámite personal
1939,EMP0728,2026-03-15,5,Accidente menor
1940,EMP0728,2025-12-08,1,Enfermedad general
1941,EMP0729,2025-07-02,1,Falta injustificada
1942,EMP0731,2026-04-14,1,Falta injustificada
1943,EMP0732,2025-10-17,2,Enfermedad general
1944,EMP0732,2026-02-28,1,Falta injustificada
1945,EMP0732,2025-06-23,3,Enfermedad general
1946,EMP0732,2025-07-09,1,Falta injustificada
1947,EMP0734,2025-11-05,1,Enfermedad general
1948,EMP0734,2025-07-12,1,Falta injustificada
1949,EMP0734,2025-09-21,2,Accidente menor
1950,EMP0736,2025-07-24,3,Accidente menor
1951,EMP0737,2026-03-02,1,Trámite personal
1952,EMP0738,2025-12-17,1,Enfermedad general
1953,EMP0738,2025-09-08,1,Falta injustificada
1954,EMP0741,2025-09-09,1,Trámite personal
1955,EMP0742,2026-02-27,1,Trámite personal
1956,EMP0742,2026-05-05,1,Falta injustificada
1957,EMP0743,2025-10-08,1,Enfermedad general
1958,EMP0744,2026-03-21,2,Enfermedad general
1959,EMP0744,2026-04-19,2,Enfermedad general
1960,EMP0745,2025-09-02,3,Enfermedad general
1961,EMP0745,2026-03-15,3,Enfermedad general
1962,EMP0745,2026-03-15,2,Enfermedad general
1963,EMP0745,2026-01-01,1,Trámite personal
1964,EMP0745,2025-07-27,1,Enfermedad general
1965,EMP0746,2026-04-25,2,Enfermedad general
1966,EMP0747,2026-03-25,3,Enfermedad general
1967,EMP0747,2025-12-03,1,Enfermedad general
1968,EMP0747,2026-05-14,1,Falta injustificada
1969,EMP0747,2026-01-23,5,Accidente menor
1970,EMP0748,2025-07-26,2,Enfermedad general
1971,EMP0748,2025-08-27,3,Enfermedad general
1972,EMP0748,2025-09-03,1,Enfermedad general
1973,EMP0749,2026-03-11,2,Enfermedad general
1974,EMP0749,2025-12-25,2,Enfermedad general
1975,EMP0750,2026-02-16,1,Enfermedad general
1976,EMP0750,2025-11-22,1,Trámite personal
1977,EMP0750,2026-05-05,2,Enfermedad general
1978,EMP0750,2025-08-22,2,Enfermedad general
1979,EMP0750,2026-03-03,1,Falta injustificada
1980,EMP0750,2026-04-06,1,Trámite personal
1981,EMP0750,2026-01-15,1,Trámite personal
1982,EMP0750,2025-11-30,3,Enfermedad general
1983,EMP0750,2025-11-11,1,Enfermedad general
1984,EMP0750,2026-03-11,1,Falta injustificada
1985,EMP0750,2025-11-16,1,Trámite personal
1986,EMP0750,2025-12-10,1,Trámite personal
1987,EMP0751,2025-12-31,1,Enfermedad general
1988,EMP0752,2026-04-23,1,Falta injustificada
1989,EMP0752,2026-01-09,2,Enfermedad general
1990,EMP0752,2025-11-15,1,Enfermedad general
1991,EMP0752,2026-04-10,1,Enfermedad general
1992,EMP0752,2025-10-04,1,Trámite personal
1993,EMP0753,2026-03-18,1,Trámite personal
1994,EMP0753,2026-03-09,1,Enfermedad general
1995,EMP0753,2025-09-20,5,Accidente menor
1996,EMP0753,2026-03-11,3,Permiso sindical
1997,EMP0754,2025-10-11,1,Falta injustificada
1998,EMP0754,2025-12-04,1,Trámite personal
1999,EMP0754,2026-01-20,1,Trámite personal
2000,EMP0754,2026-01-18,1,Falta injustificada
2001,EMP0754,2025-12-23,1,Enfermedad general
2002,EMP0755,2025-06-03,1,Trámite personal
2003,EMP0755,2025-06-20,2,Enfermedad general
2004,EMP0755,2025-10-26,4,Enfermedad general
2005,EMP0756,2026-04-04,1,Enfermedad general
2006,EMP0756,2025-06-11,1,Trámite personal
2007,EMP0756,2026-02-23,2,Enfermedad general
2008,EMP0756,2025-08-11,1,Trámite personal
2009,EMP0756,2025-11-04,1,Enfermedad general
2010,EMP0757,2025-06-06,4,Enfermedad general
2011,EMP0757,2025-11-03,2,Enfermedad general
2012,EMP0758,2025-09-24,2,Enfermedad general
2013,EMP0759,2025-09-20,1,Falta injustificada
2014,EMP0759,2025-11-11,2,Enfermedad general
2015,EMP0759,2025-06-14,1,Enfermedad general
2016,EMP0759,2026-05-22,1,Enfermedad general
2017,EMP0759,2025-10-22,1,Enfermedad general
2018,EMP0760,2026-03-13,1,Enfermedad general
2019,EMP0760,2026-02-19,1,Enfermedad general
2020,EMP0761,2026-03-14,1,Enfermedad general
2021,EMP0761,2026-03-22,1,Falta injustificada
2022,EMP0761,2026-03-22,5,Enfermedad general
2023,EMP0762,2025-08-21,3,Enfermedad general
2024,EMP0762,2025-07-21,2,Enfermedad general
2025,EMP0762,2025-06-22,1,Enfermedad general
2026,EMP0763,2026-01-24,2,Enfermedad general
2027,EMP0763,2025-12-02,2,Enfermedad general
2028,EMP0765,2025-08-21,1,Enfermedad general
2029,EMP0766,2025-08-12,2,Enfermedad general
2030,EMP0766,2025-10-16,1,Permiso sindical
2031,EMP0766,2025-12-07,1,Enfermedad general
2032,EMP0768,2026-03-28,3,Accidente menor
2033,EMP0768,2025-09-30,1,Enfermedad general
2034,EMP0768,2025-10-12,1,Falta injustificada
2035,EMP0768,2025-11-03,2,Enfermedad general
2036,EMP0769,2025-07-20,5,Accidente menor
2037,EMP0769,2026-03-21,3,Permiso sindical
2038,EMP0770,2025-09-22,1,Trámite personal
2039,EMP0771,2025-07-12,5,Enfermedad general
2040,EMP0771,2025-11-16,5,Enfermedad general
2041,EMP0771,2026-02-05,1,Falta injustificada
2042,EMP0772,2025-08-30,1,Enfermedad general
2043,EMP0772,2026-02-07,1,Enfermedad general
2044,EMP0772,2026-05-22,1,Falta injustificada
2045,EMP0772,2026-05-28,1,Trámite personal
2046,EMP0772,2026-03-25,3,Enfermedad general
2047,EMP0773,2025-07-21,1,Falta injustificada
2048,EMP0775,2026-04-03,1,Falta injustificada
2049,EMP0775,2026-04-27,2,Enfermedad general
2050,EMP0775,2025-11-03,1,Falta injustificada
2051,EMP0775,2025-06-22,1,Falta injustificada
2052,EMP0776,2026-03-25,1,Trámite personal
2053,EMP0778,2025-12-15,4,Enfermedad general
2054,EMP0778,2025-07-13,3,Enfermedad general
2055,EMP0778,2025-07-01,1,Enfermedad general
2056,EMP0780,2025-11-21,1,Trámite personal
2057,EMP0780,2025-11-28,1,Trámite personal
2058,EMP0780,2026-01-11,1,Enfermedad general
2059,EMP0780,2026-01-02,1,Enfermedad general
2060,EMP0780,2025-08-03,1,Enfermedad general
2061,EMP0781,2025-09-27,1,Falta injustificada
2062,EMP0781,2026-05-03,3,Enfermedad general
2063,EMP0781,2026-04-07,2,Enfermedad general
2064,EMP0782,2025-06-08,1,Enfermedad general
2065,EMP0784,2026-04-23,4,Enfermedad general
2066,EMP0784,2026-04-22,2,Enfermedad general
2067,EMP0784,2025-12-15,2,Enfermedad general
2068,EMP0784,2025-06-30,2,Enfermedad general
2069,EMP0784,2025-11-06,2,Accidente menor
2070,EMP0785,2025-11-13,1,Falta injustificada
2071,EMP0785,2026-03-06,2,Enfermedad general
2072,EMP0785,2026-03-19,1,Falta injustificada
2073,EMP0785,2025-08-18,2,Enfermedad general
2074,EMP0787,2025-11-17,2,Enfermedad general
2075,EMP0787,2026-02-15,2,Enfermedad general
2076,EMP0787,2026-05-26,3,Enfermedad general
2077,EMP0787,2025-09-24,3,Enfermedad general
2078,EMP0788,2025-08-20,2,Enfermedad general
2079,EMP0788,2025-06-28,1,Enfermedad general
2080,EMP0788,2026-05-13,1,Trámite personal
2081,EMP0788,2025-12-21,3,Enfermedad general
2082,EMP0790,2026-01-17,1,Trámite personal
2083,EMP0790,2026-04-03,1,Enfermedad general
2084,EMP0791,2026-03-24,4,Enfermedad general
2085,EMP0791,2026-02-16,1,Enfermedad general
2086,EMP0791,2025-07-19,1,Enfermedad general
2087,EMP0791,2025-09-24,3,Enfermedad general
2088,EMP0791,2026-01-10,1,Trámite personal
2089,EMP0791,2025-10-29,3,Enfermedad general
2090,EMP0791,2025-12-21,2,Enfermedad general
2091,EMP0791,2025-08-17,4,Enfermedad general
2092,EMP0792,2025-08-09,1,Trámite personal
2093,EMP0792,2025-11-22,1,Trámite personal
2094,EMP0793,2025-07-15,1,Trámite personal
2095,EMP0794,2026-02-01,3,Enfermedad general
2096,EMP0794,2026-03-22,1,Enfermedad general
2097,EMP0794,2025-06-28,1,Trámite personal
2098,EMP0794,2026-03-10,5,Accidente menor
2099,EMP0794,2025-10-15,1,Enfermedad general
2100,EMP0795,2025-07-16,2,Enfermedad general
2101,EMP0795,2025-12-24,1,Falta injustificada
2102,EMP0795,2026-02-14,1,Enfermedad general
2103,EMP0795,2026-01-11,3,Enfermedad general
2104,EMP0795,2026-05-26,1,Enfermedad general
2105,EMP0795,2025-08-08,4,Permiso sindical
2106,EMP0796,2025-08-11,1,Falta injustificada
2107,EMP0797,2026-02-04,2,Enfermedad general
2108,EMP0799,2026-03-16,1,Falta injustificada
2109,EMP0799,2025-09-12,2,Enfermedad general
2110,EMP0799,2026-02-07,4,Enfermedad general
2111,EMP0799,2025-12-22,2,Enfermedad general
2112,EMP0800,2026-05-02,1,Falta injustificada
2113,EMP0800,2026-03-22,2,Enfermedad general
2114,EMP0800,2025-09-11,1,Enfermedad general
2115,EMP0800,2026-03-17,2,Enfermedad general
2116,EMP0801,2026-04-14,1,Falta injustificada
2117,EMP0801,2026-02-26,1,Enfermedad general
2118,EMP0801,2025-10-07,3,Enfermedad general
2119,EMP0802,2025-10-05,1,Enfermedad general
2120,EMP0802,2025-07-09,2,Enfermedad general
2121,EMP0803,2025-10-17,1,Trámite personal
2122,EMP0803,2026-01-09,3,Enfermedad general
2123,EMP0803,2025-11-15,2,Enfermedad general
2124,EMP0803,2026-05-19,1,Trámite personal
2125,EMP0803,2026-03-24,1,Enfermedad general
2126,EMP0804,2025-07-18,2,Enfermedad general
2127,EMP0804,2025-07-30,2,Enfermedad general
2128,EMP0805,2026-05-12,2,Enfermedad general
2129,EMP0805,2025-12-31,1,Trámite personal
2130,EMP0807,2026-01-05,1,Falta injustificada
2131,EMP0807,2025-12-07,1,Trámite personal
2132,EMP0807,2025-11-28,4,Enfermedad general
2133,EMP0808,2025-09-08,2,Enfermedad general
2134,EMP0808,2025-11-14,1,Trámite personal
2135,EMP0808,2025-11-26,1,Enfermedad general
2136,EMP0808,2026-04-03,2,Accidente menor
2137,EMP0808,2025-11-06,1,Falta injustificada
2138,EMP0808,2025-08-28,1,Enfermedad general
2139,EMP0808,2025-11-29,1,Enfermedad general
2140,EMP0809,2026-04-14,3,Enfermedad general
2141,EMP0809,2026-01-15,3,Accidente menor
2142,EMP0809,2026-01-14,3,Enfermedad general
2143,EMP0809,2025-06-25,1,Enfermedad general
2144,EMP0809,2025-09-30,1,Enfermedad general
2145,EMP0810,2025-09-13,1,Trámite personal
2146,EMP0811,2026-05-19,2,Enfermedad general
2147,EMP0812,2025-12-11,1,Enfermedad general
2148,EMP0812,2025-08-21,5,Enfermedad general
2149,EMP0812,2025-07-16,2,Enfermedad general
2150,EMP0813,2025-07-30,3,Enfermedad general
2151,EMP0814,2025-06-30,1,Enfermedad general
2152,EMP0814,2025-10-05,1,Enfermedad general
2153,EMP0814,2026-04-16,2,Enfermedad general
2154,EMP0815,2025-08-17,1,Trámite personal
2155,EMP0815,2025-10-28,1,Enfermedad general
2156,EMP0815,2025-06-10,1,Enfermedad general
2157,EMP0816,2025-11-25,2,Enfermedad general
2158,EMP0816,2026-05-24,1,Enfermedad general
2159,EMP0816,2025-07-29,1,Enfermedad general
2160,EMP0816,2025-11-06,1,Trámite personal
2161,EMP0816,2026-01-19,5,Accidente menor
2162,EMP0817,2025-06-14,2,Enfermedad general
2163,EMP0817,2025-11-19,2,Enfermedad general
2164,EMP0817,2025-09-18,1,Enfermedad general
2165,EMP0818,2026-03-05,1,Trámite personal
2166,EMP0818,2025-09-19,1,Enfermedad general
2167,EMP0818,2025-09-15,3,Enfermedad general
2168,EMP0819,2026-03-09,1,Falta injustificada
2169,EMP0819,2026-02-25,1,Enfermedad general
2170,EMP0819,2025-10-13,1,Trámite personal
2171,EMP0819,2026-03-10,5,Enfermedad general
2172,EMP0820,2026-02-05,1,Trámite personal
2173,EMP0821,2026-04-17,1,Enfermedad general
2174,EMP0821,2025-08-14,2,Enfermedad general
2175,EMP0823,2026-05-24,2,Accidente menor
2176,EMP0823,2025-12-12,1,Enfermedad general
2177,EMP0824,2026-03-28,1,Enfermedad general
2178,EMP0824,2026-05-08,2,Accidente menor
2179,EMP0825,2025-10-11,1,Enfermedad general
2180,EMP0826,2025-08-29,3,Enfermedad general
2181,EMP0827,2025-07-03,2,Enfermedad general
2182,EMP0827,2025-10-26,1,Enfermedad general
2183,EMP0828,2025-09-13,1,Falta injustificada
2184,EMP0829,2026-05-25,4,Accidente menor
2185,EMP0829,2025-06-30,5,Accidente menor
2186,EMP0829,2026-05-04,1,Enfermedad general
2187,EMP0831,2025-06-07,1,Enfermedad general
2188,EMP0831,2025-07-07,5,Accidente menor
2189,EMP0831,2026-05-07,2,Enfermedad general
2190,EMP0832,2025-10-19,1,Trámite personal
2191,EMP0832,2026-05-08,1,Trámite personal
2192,EMP0833,2026-05-06,2,Enfermedad general
2193,EMP0833,2025-12-04,2,Enfermedad general
2194,EMP0834,2025-07-28,2,Accidente menor
2195,EMP0834,2025-10-30,1,Enfermedad general
2196,EMP0834,2026-05-01,2,Enfermedad general
2197,EMP0835,2025-12-17,3,Enfermedad general
2198,EMP0835,2025-09-29,2,Enfermedad general
2199,EMP0835,2025-12-14,1,Falta injustificada
2200,EMP0835,2026-02-18,1,Enfermedad general
2201,EMP0836,2025-07-23,4,Accidente menor
2202,EMP0836,2026-02-06,1,Trámite personal
2203,EMP0836,2026-04-04,3,Enfermedad general
2204,EMP0838,2026-03-02,1,Enfermedad general
2205,EMP0838,2025-07-18,2,Enfermedad general
2206,EMP0838,2025-09-06,1,Trámite personal
2207,EMP0839,2025-09-12,1,Trámite personal
2208,EMP0839,2026-02-14,1,Enfermedad general
2209,EMP0840,2026-01-23,2,Accidente menor
2210,EMP0840,2025-06-23,3,Enfermedad general
2211,EMP0840,2025-10-07,1,Trámite personal
2212,EMP0840,2026-03-01,1,Enfermedad general
2213,EMP0841,2025-11-06,2,Enfermedad general
2214,EMP0842,2025-11-20,2,Enfermedad general
2215,EMP0842,2026-02-08,3,Enfermedad general
2216,EMP0842,2025-12-21,1,Falta injustificada
2217,EMP0843,2025-08-22,1,Trámite personal
2218,EMP0843,2025-06-12,1,Enfermedad general
2219,EMP0844,2025-11-27,1,Trámite personal
2220,EMP0844,2026-05-19,1,Falta injustificada
2221,EMP0844,2025-11-30,1,Falta injustificada
2222,EMP0844,2025-12-01,1,Trámite personal
2223,EMP0845,2026-04-19,4,Accidente menor
2224,EMP0845,2025-10-01,4,Accidente menor
2225,EMP0845,2025-07-04,2,Enfermedad general
2226,EMP0846,2026-04-19,2,Enfermedad general
2227,EMP0847,2025-10-12,2,Permiso sindical
2228,EMP0847,2025-12-18,2,Enfermedad general
2229,EMP0847,2025-06-18,2,Enfermedad general
2230,EMP0847,2026-03-14,1,Falta injustificada
2231,EMP0847,2025-10-24,1,Trámite personal
2232,EMP0847,2025-09-26,1,Enfermedad general
2233,EMP0848,2025-08-19,2,Enfermedad general
2234,EMP0849,2025-11-24,1,Enfermedad general
2235,EMP0849,2025-12-21,1,Enfermedad general
2236,EMP0849,2026-05-05,4,Enfermedad general
2237,EMP0850,2025-08-12,1,Falta injustificada
2238,EMP0850,2025-07-17,1,Enfermedad general
2239,EMP0852,2025-12-15,2,Enfermedad general
2240,EMP0852,2026-02-24,3,Accidente menor
2241,EMP0852,2026-01-02,1,Trámite personal
2242,EMP0852,2025-10-04,2,Enfermedad general
2243,EMP0853,2026-03-23,1,Trámite personal
2244,EMP0853,2025-08-20,5,Accidente menor
2245,EMP0854,2025-11-09,1,Enfermedad general
2246,EMP0854,2026-04-08,1,Falta injustificada
2247,EMP0855,2025-11-18,4,Enfermedad general
2248,EMP0855,2026-01-18,3,Enfermedad general
2249,EMP0856,2026-03-07,1,Trámite personal
2250,EMP0858,2025-08-09,4,Enfermedad general
2251,EMP0858,2025-09-16,1,Trámite personal
2252,EMP0858,2026-05-03,2,Enfermedad general
2253,EMP0860,2025-08-12,1,Trámite personal
2254,EMP0860,2026-03-27,2,Enfermedad general
2255,EMP0860,2026-03-07,2,Enfermedad general
2256,EMP0861,2026-05-19,1,Enfermedad general
2257,EMP0862,2025-09-14,2,Enfermedad general
2258,EMP0864,2025-08-12,1,Falta injustificada
2259,EMP0864,2025-11-08,1,Enfermedad general
2260,EMP0864,2026-05-21,1,Falta injustificada
2261,EMP0864,2026-02-26,1,Enfermedad general
2262,EMP0864,2025-08-11,1,Trámite personal
2263,EMP0864,2026-01-09,1,Enfermedad general
2264,EMP0864,2025-08-16,2,Enfermedad general
2265,EMP0865,2026-05-04,4,Enfermedad general
2266,EMP0865,2026-03-19,3,Enfermedad general
2267,EMP0865,2025-08-22,1,Enfermedad general
2268,EMP0865,2025-11-12,3,Enfermedad general
2269,EMP0865,2025-07-07,2,Enfermedad general
2270,EMP0866,2026-03-15,1,Enfermedad general
2271,EMP0866,2026-03-02,1,Trámite personal
2272,EMP0866,2025-08-02,1,Trámite personal
2273,EMP0866,2025-09-05,1,Falta injustificada
2274,EMP0866,2025-11-12,1,Falta injustificada
2275,EMP0869,2025-08-16,4,Enfermedad general
2276,EMP0869,2025-06-18,2,Enfermedad general
2277,EMP0870,2025-11-13,1,Falta injustificada
2278,EMP0870,2025-12-31,3,Permiso sindical
2279,EMP0870,2025-12-30,1,Enfermedad general
2280,EMP0870,2025-11-05,1,Trámite personal
2281,EMP0871,2026-01-15,1,Trámite personal
2282,EMP0871,2026-04-25,3,Enfermedad general
2283,EMP0871,2025-10-21,1,Trámite personal
2284,EMP0871,2025-08-19,1,Enfermedad general
2285,EMP0871,2025-09-07,1,Enfermedad general
2286,EMP0872,2025-07-27,3,Enfermedad general
2287,EMP0872,2025-08-09,2,Enfermedad general
2288,EMP0872,2025-09-05,2,Accidente menor
2289,EMP0873,2026-04-12,1,Enfermedad general
2290,EMP0873,2026-04-14,4,Accidente menor
2291,EMP0873,2026-04-09,1,Enfermedad general
2292,EMP0874,2026-03-20,1,Enfermedad general
2293,EMP0874,2026-04-12,5,Enfermedad general
2294,EMP0874,2025-09-29,2,Enfermedad general
2295,EMP0874,2026-04-04,2,Enfermedad general
2296,EMP0874,2025-09-29,3,Enfermedad general
2297,EMP0874,2025-09-29,4,Enfermedad general
2298,EMP0874,2026-05-20,2,Accidente menor
2299,EMP0874,2025-12-03,1,Trámite personal
2300,EMP0877,2025-07-13,1,Enfermedad general
2301,EMP0877,2026-05-21,2,Enfermedad general
2302,EMP0878,2026-02-02,1,Enfermedad general
2303,EMP0879,2025-08-10,1,Enfermedad general
2304,EMP0879,2026-02-15,5,Accidente menor
2305,EMP0879,2026-05-01,2,Enfermedad general
2306,EMP0879,2025-12-11,1,Falta injustificada
2307,EMP0880,2025-09-05,1,Falta injustificada
2308,EMP0880,2025-12-18,1,Trámite personal
2309,EMP0881,2026-02-09,2,Enfermedad general
2310,EMP0881,2026-01-31,3,Enfermedad general
2311,EMP0881,2025-08-12,2,Enfermedad general
2312,EMP0881,2025-08-25,1,Enfermedad general
2313,EMP0882,2025-09-09,2,Enfermedad general
2314,EMP0882,2025-09-26,1,Enfermedad general
2315,EMP0884,2025-06-19,1,Enfermedad general
2316,EMP0885,2025-12-29,1,Falta injustificada
2317,EMP0885,2025-06-10,2,Enfermedad general
2318,EMP0885,2025-10-19,3,Enfermedad general
2319,EMP0885,2025-12-31,1,Enfermedad general
2320,EMP0887,2025-09-24,3,Enfermedad general
2321,EMP0887,2026-05-12,1,Enfermedad general
2322,EMP0888,2025-09-14,1,Falta injustificada
2323,EMP0888,2025-09-15,2,Accidente menor
2324,EMP0890,2025-09-01,1,Falta injustificada
2325,EMP0891,2026-01-13,1,Enfermedad general
2326,EMP0891,2026-04-14,4,Enfermedad general
2327,EMP0891,2026-02-08,1,Falta injustificada
2328,EMP0891,2026-05-21,1,Enfermedad general
2329,EMP0892,2025-11-16,5,Enfermedad general
2330,EMP0892,2026-01-23,2,Enfermedad general
2331,EMP0892,2025-10-07,2,Enfermedad general
2332,EMP0892,2026-01-07,2,Enfermedad general
2333,EMP0892,2025-12-27,2,Accidente menor
2334,EMP0894,2026-04-10,1,Trámite personal
2335,EMP0895,2025-12-14,5,Enfermedad general
2336,EMP0895,2025-11-10,1,Enfermedad general
2337,EMP0895,2025-12-21,1,Enfermedad general
2338,EMP0897,2026-04-12,2,Enfermedad general
2339,EMP0897,2026-03-22,1,Enfermedad general
2340,EMP0897,2026-04-03,1,Enfermedad general
2341,EMP0898,2026-03-04,2,Enfermedad general
2342,EMP0898,2026-02-26,1,Enfermedad general
2343,EMP0898,2026-04-27,1,Trámite personal
2344,EMP0898,2025-06-22,5,Enfermedad general
2345,EMP0899,2026-02-24,2,Accidente menor
2346,EMP0899,2026-01-20,1,Enfermedad general
2347,EMP0900,2026-01-22,2,Enfermedad general
2348,EMP0900,2025-06-24,1,Enfermedad general
2349,EMP0900,2025-10-06,2,Permiso sindical
2350,EMP0901,2026-02-23,2,Enfermedad general
2351,EMP0903,2026-03-05,1,Enfermedad general
2352,EMP0904,2025-12-22,1,Trámite personal
2353,EMP0904,2025-06-23,5,Accidente menor
2354,EMP0904,2026-02-22,1,Enfermedad general
2355,EMP0904,2026-04-21,1,Trámite personal
2356,EMP0904,2025-06-28,2,Enfermedad general
2357,EMP0906,2025-09-08,2,Enfermedad general
2358,EMP0906,2025-10-30,1,Enfermedad general
2359,EMP0907,2026-01-14,3,Enfermedad general
2360,EMP0907,2025-12-23,2,Enfermedad general
2361,EMP0907,2025-11-05,3,Enfermedad general
2362,EMP0908,2025-10-27,1,Enfermedad general
2363,EMP0908,2026-01-25,2,Enfermedad general
2364,EMP0908,2025-08-27,5,Accidente menor
2365,EMP0909,2025-10-31,2,Enfermedad general
2366,EMP0909,2026-04-12,1,Trámite personal
2367,EMP0909,2025-06-30,2,Enfermedad general
2368,EMP0909,2026-05-22,1,Enfermedad general
2369,EMP0910,2026-02-22,3,Enfermedad general
2370,EMP0910,2025-08-14,1,Falta injustificada
2371,EMP0910,2026-01-26,1,Enfermedad general
2372,EMP0910,2026-04-29,2,Permiso sindical
2373,EMP0911,2026-01-20,3,Enfermedad general
2374,EMP0911,2025-07-19,1,Falta injustificada
2375,EMP0913,2026-02-14,2,Enfermedad general
2376,EMP0914,2025-07-30,2,Enfermedad general
2377,EMP0914,2025-09-03,1,Falta injustificada
2378,EMP0914,2026-03-29,1,Enfermedad general
2379,EMP0915,2026-05-25,4,Enfermedad general
2380,EMP0915,2026-03-09,1,Trámite personal
2381,EMP0916,2025-08-11,1,Enfermedad general
2382,EMP0916,2025-12-21,5,Enfermedad general
2383,EMP0916,2025-12-31,2,Enfermedad general
2384,EMP0917,2025-11-15,2,Enfermedad general
2385,EMP0918,2026-01-19,1,Enfermedad general
2386,EMP0918,2025-06-15,1,Enfermedad general
2387,EMP0918,2025-09-02,1,Enfermedad general
2388,EMP0919,2026-01-21,5,Enfermedad general
2389,EMP0919,2026-04-01,1,Enfermedad general
2390,EMP0919,2025-09-14,1,Trámite personal
2391,EMP0919,2026-01-21,1,Enfermedad general
2392,EMP0919,2025-07-19,1,Enfermedad general
2393,EMP0921,2025-10-09,1,Enfermedad general
2394,EMP0922,2025-11-15,2,Enfermedad general
2395,EMP0922,2026-05-23,1,Enfermedad general
2396,EMP0923,2026-05-01,4,Enfermedad general
2397,EMP0925,2025-08-25,1,Falta injustificada
2398,EMP0925,2025-08-05,1,Trámite personal
2399,EMP0925,2025-07-19,2,Enfermedad general
2400,EMP0926,2025-07-31,3,Enfermedad general
2401,EMP0926,2026-01-19,1,Enfermedad general
2402,EMP0927,2026-04-23,1,Enfermedad general
2403,EMP0927,2025-12-05,4,Enfermedad general
2404,EMP0927,2025-07-16,5,Enfermedad general
2405,EMP0927,2026-02-26,2,Enfermedad general
2406,EMP0927,2025-12-16,2,Enfermedad general
2407,EMP0927,2026-02-19,3,Accidente menor
2408,EMP0928,2025-12-13,2,Enfermedad general
2409,EMP0928,2026-03-11,2,Enfermedad general
2410,EMP0928,2025-12-14,2,Accidente menor
2411,EMP0928,2025-08-29,1,Enfermedad general
2412,EMP0928,2025-11-21,1,Enfermedad general
2413,EMP0928,2026-03-19,2,Enfermedad general
2414,EMP0928,2026-05-06,1,Enfermedad general
2415,EMP0928,2025-08-18,1,Falta injustificada
2416,EMP0928,2025-08-25,2,Enfermedad general
2417,EMP0929,2025-08-16,1,Trámite personal
2418,EMP0929,2025-09-02,1,Trámite personal
2419,EMP0929,2025-06-29,1,Trámite personal
2420,EMP0930,2026-01-03,1,Enfermedad general
2421,EMP0930,2025-11-07,1,Falta injustificada
2422,EMP0930,2025-11-08,1,Enfermedad general
2423,EMP0930,2026-01-17,1,Trámite personal
2424,EMP0931,2025-10-28,4,Enfermedad general
2425,EMP0931,2026-04-19,2,Enfermedad general
2426,EMP0931,2025-09-03,1,Enfermedad general
2427,EMP0932,2025-08-02,1,Enfermedad general
2428,EMP0932,2025-08-09,2,Enfermedad general
2429,EMP0933,2025-09-14,1,Enfermedad general
2430,EMP0933,2025-06-04,1,Enfermedad general
2431,EMP0934,2026-04-17,5,Enfermedad general
2432,EMP0935,2025-10-10,2,Enfermedad general
2433,EMP0935,2025-06-09,2,Enfermedad general
2434,EMP0936,2026-01-23,1,Trámite personal
2435,EMP0937,2026-02-12,1,Enfermedad general
2436,EMP0937,2026-02-13,1,Enfermedad general
2437,EMP0938,2026-03-08,2,Enfermedad general
2438,EMP0938,2025-06-05,1,Trámite personal
2439,EMP0938,2026-04-10,2,Enfermedad general
2440,EMP0938,2026-02-10,1,Enfermedad general
2441,EMP0939,2025-10-02,4,Enfermedad general
2442,EMP0939,2025-09-22,3,Enfermedad general
2443,EMP0940,2026-03-31,1,Enfermedad general
2444,EMP0940,2026-05-06,1,Enfermedad general
2445,EMP0941,2026-02-01,3,Enfermedad general
2446,EMP0941,2026-01-21,2,Enfermedad general
2447,EMP0941,2025-12-29,5,Enfermedad general
2448,EMP0942,2026-01-15,1,Enfermedad general
2449,EMP0943,2025-07-13,3,Enfermedad general
2450,EMP0943,2026-04-06,3,Enfermedad general
2451,EMP0943,2026-04-06,1,Enfermedad general
2452,EMP0945,2025-06-06,2,Enfermedad general
2453,EMP0945,2025-10-06,1,Enfermedad general
2454,EMP0945,2026-03-10,4,Accidente menor
2455,EMP0945,2026-04-16,1,Trámite personal
2456,EMP0946,2026-04-20,2,Enfermedad general
2457,EMP0946,2026-03-15,3,Accidente menor
2458,EMP0946,2025-06-28,3,Accidente menor
2459,EMP0948,2025-08-17,4,Enfermedad general
2460,EMP0949,2025-07-01,1,Trámite personal
2461,EMP0950,2026-05-03,4,Accidente menor
2462,EMP0950,2025-06-21,4,Enfermedad general
2463,EMP0951,2025-08-16,3,Enfermedad general
2464,EMP0952,2025-06-19,3,Enfermedad general
2465,EMP0952,2026-05-10,1,Falta injustificada
2466,EMP0952,2026-03-25,2,Enfermedad general
2467,EMP0952,2026-04-07,1,Enfermedad general
2468,EMP0952,2025-11-02,1,Enfermedad general
2469,EMP0952,2025-11-19,2,Accidente menor
2470,EMP0952,2025-06-28,1,Trámite personal
2471,EMP0953,2025-07-28,2,Enfermedad general
2472,EMP0955,2026-01-02,1,Trámite personal
2473,EMP0955,2025-09-02,2,Enfermedad general
2474,EMP0955,2025-08-24,2,Enfermedad general
2475,EMP0955,2026-05-13,1,Trámite personal
2476,EMP0955,2025-10-26,1,Falta injustificada
2477,EMP0956,2026-04-11,4,Enfermedad general
2478,EMP0956,2026-05-07,3,Enfermedad general
2479,EMP0956,2026-05-23,1,Trámite personal
2480,EMP0957,2026-05-27,1,Enfermedad general
2481,EMP0957,2026-04-03,3,Enfermedad general
2482,EMP0957,2026-03-23,5,Enfermedad general
2483,EMP0957,2026-03-17,2,Enfermedad general
2484,EMP0959,2025-09-01,1,Enfermedad general
2485,EMP0960,2026-01-22,3,Enfermedad general
2486,EMP0960,2026-03-26,1,Enfermedad general
2487,EMP0960,2025-12-04,1,Enfermedad general
2488,EMP0961,2025-06-21,1,Enfermedad general
2489,EMP0962,2025-07-20,1,Enfermedad general
2490,EMP0962,2025-11-03,4,Accidente menor
2491,EMP0962,2025-12-08,1,Enfermedad general
2492,EMP0963,2025-12-14,3,Enfermedad general
2493,EMP0963,2025-07-07,2,Enfermedad general
2494,EMP0963,2026-01-07,3,Enfermedad general
2495,EMP0963,2026-03-11,1,Falta injustificada
2496,EMP0963,2025-07-06,1,Enfermedad general
2497,EMP0964,2025-10-30,3,Enfermedad general
2498,EMP0966,2026-01-30,1,Trámite personal
2499,EMP0966,2025-08-10,1,Trámite personal
2500,EMP0966,2025-08-04,1,Enfermedad general
2501,EMP0967,2026-05-24,4,Accidente menor
2502,EMP0967,2025-11-18,2,Enfermedad general
2503,EMP0967,2026-02-27,2,Enfermedad general
2504,EMP0969,2025-12-31,1,Enfermedad general
2505,EMP0969,2026-02-26,1,Enfermedad general
2506,EMP0970,2025-09-18,2,Enfermedad general
2507,EMP0970,2026-05-25,2,Enfermedad general
2508,EMP0970,2025-09-18,1,Trámite personal
2509,EMP0970,2026-04-12,4,Enfermedad general
2510,EMP0970,2025-07-02,1,Trámite personal
2511,EMP0971,2025-07-28,1,Enfermedad general
2512,EMP0972,2026-03-22,1,Enfermedad general
2513,EMP0972,2026-04-21,3,Enfermedad general
2514,EMP0972,2026-02-28,1,Enfermedad general
2515,EMP0973,2025-07-17,2,Enfermedad general
2516,EMP0973,2026-02-05,1,Falta injustificada
2517,EMP0973,2026-05-21,4,Enfermedad general
2518,EMP0973,2026-04-08,2,Enfermedad general
2519,EMP0973,2025-10-28,2,Enfermedad general
2520,EMP0973,2026-01-07,1,Enfermedad general
2521,EMP0975,2026-04-10,2,Enfermedad general
2522,EMP0977,2025-11-12,3,Enfermedad general
2523,EMP0977,2025-10-13,4,Accidente menor
2524,EMP0977,2025-08-08,1,Trámite personal
2525,EMP0977,2026-04-13,2,Enfermedad general
2526,EMP0977,2026-03-18,2,Enfermedad general
2527,EMP0977,2026-02-12,4,Enfermedad general
2528,EMP0977,2026-02-24,2,Enfermedad general
2529,EMP0977,2026-04-22,2,Enfermedad general
2530,EMP0977,2026-02-12,4,Enfermedad general
2531,EMP0978,2026-02-10,2,Enfermedad general
2532,EMP0978,2025-09-03,1,Trámite personal
2533,EMP0978,2026-04-11,1,Enfermedad general
2534,EMP0979,2025-09-30,2,Enfermedad general
2535,EMP0979,2025-10-29,3,Enfermedad general
2536,EMP0980,2025-09-10,2,Enfermedad general
2537,EMP0980,2025-06-03,1,Enfermedad general
2538,EMP0980,2025-08-02,1,Enfermedad general
2539,EMP0982,2025-06-15,1,Enfermedad general
2540,EMP0982,2026-01-27,1,Enfermedad general
2541,EMP0982,2026-04-19,2,Enfermedad general
2542,EMP0983,2025-08-02,3,Enfermedad general
2543,EMP0983,2025-09-17,2,Enfermedad general
2544,EMP0983,2026-04-14,1,Trámite personal
2545,EMP0983,2026-01-01,2,Enfermedad general
2546,EMP0983,2025-12-31,3,Enfermedad general
2547,EMP0983,2025-06-26,4,Accidente menor
2548,EMP0983,2025-11-29,3,Accidente menor
2549,EMP0984,2025-06-08,1,Falta injustificada
2550,EMP0985,2026-04-26,2,Enfermedad general
2551,EMP0985,2025-09-14,1,Enfermedad general
2552,EMP0985,2026-05-22,1,Enfermedad general
2553,EMP0985,2025-10-25,1,Trámite personal
2554,EMP0985,2025-10-11,2,Enfermedad general
2555,EMP0986,2025-07-07,2,Enfermedad general
2556,EMP0987,2025-11-07,3,Enfermedad general
2557,EMP0987,2025-11-03,2,Enfermedad general
2558,EMP0987,2026-02-17,1,Enfermedad general
2559,EMP0987,2026-03-11,2,Enfermedad general
2560,EMP0987,2025-11-15,2,Enfermedad general
2561,EMP0988,2025-06-06,2,Enfermedad general
2562,EMP0988,2025-07-31,1,Enfermedad general
2563,EMP0988,2026-05-20,1,Trámite personal
2564,EMP0988,2025-11-20,2,Enfermedad general
2565,EMP0988,2025-11-24,2,Enfermedad general
2566,EMP0988,2025-12-22,1,Enfermedad general
2567,EMP0988,2026-03-21,3,Enfermedad general
2568,EMP0989,2026-04-14,1,Enfermedad general
2569,EMP0989,2025-06-17,1,Falta injustificada
2570,EMP0989,2025-08-31,2,Enfermedad general
2571,EMP0990,2025-09-10,1,Falta injustificada
2572,EMP0990,2025-11-19,1,Enfermedad general
2573,EMP0990,2025-11-23,3,Enfermedad general
2574,EMP0992,2026-05-13,5,Enfermedad general
2575,EMP0992,2026-02-03,5,Enfermedad general
2576,EMP0992,2026-01-31,3,Enfermedad general
2577,EMP0997,2025-06-21,4,Enfermedad general
2578,EMP0998,2026-04-29,1,Enfermedad general
2579,EMP0999,2025-08-11,2,Enfermedad general
2580,EMP0999,2026-02-04,1,Falta injustificada
2581,EMP0999,2025-08-21,1,Enfermedad general
2582,EMP0999,2026-04-20,1,Trámite personal
2583,EMP1000,2026-01-24,1,Falta injustificada
2584,EMP1000,2026-03-04,1,Enfermedad general
2585,EMP1000,2025-11-21,1,Enfermedad general
